"","year","state","data_item","value","region","adj_value"
"1",2020,"ARKANSAS","CORN, GRAIN - PRODUCTION, MEASURED IN $",439714000,"south",431887294.927554
"2",2020,"ILLINOIS","CORN, GRAIN - PRODUCTION, MEASURED IN $",9270720000,"mid",9105705487.72788
"3",2020,"INDIANA","CORN, GRAIN - PRODUCTION, MEASURED IN $",4368788000,"mid",4291025601.71375
"4",2020,"IOWA","CORN, GRAIN - PRODUCTION, MEASURED IN $",9873660000,"mid",9697913435.62951
"5",2020,"KANSAS","CORN, GRAIN - PRODUCTION, MEASURED IN $",3295864000,"mid",3237199150.83238
"6",2020,"KENTUCKY","CORN, GRAIN - PRODUCTION, MEASURED IN $",1129944000,"mid",1109831521.35165
"7",2020,"MINNESOTA","CORN, GRAIN - PRODUCTION, MEASURED IN $",6056064000,"north",5948268872.19453
"8",2020,"MISSOURI","CORN, GRAIN - PRODUCTION, MEASURED IN $",2411784000,"mid",2368855364.41768
"9",2020,"NEBRASKA","CORN, GRAIN - PRODUCTION, MEASURED IN $",7607883000,"mid",7472466214.39237
"10",2020,"NORTH DAKOTA","CORN, GRAIN - PRODUCTION, MEASURED IN $",1051535000,"north",1032818165.152
"11",2020,"OKLAHOMA","CORN, GRAIN - PRODUCTION, MEASURED IN $",177120000,"south",173967346.224065
"12",2020,"SOUTH DAKOTA","CORN, GRAIN - PRODUCTION, MEASURED IN $",2952450000,"north",2899897760.60998
"13",2020,"TENNESSEE","CORN, GRAIN - PRODUCTION, MEASURED IN $",617100000,"south",606115906.475104
"14",2020,"TEXAS","CORN, GRAIN - PRODUCTION, MEASURED IN $",1019392000,"south",1001247295.63032
"15",2020,"WISCONSIN","CORN, GRAIN - PRODUCTION, MEASURED IN $",2144637000,"north",2106463457.00056
"16",2019,"ARKANSAS","CORN, GRAIN - PRODUCTION, MEASURED IN $",496493000,"south",496493000
"17",2019,"ILLINOIS","CORN, GRAIN - PRODUCTION, MEASURED IN $",6554010000,"mid",6554010000
"18",2019,"INDIANA","CORN, GRAIN - PRODUCTION, MEASURED IN $",3127987000,"mid",3127987000
"19",2019,"IOWA","CORN, GRAIN - PRODUCTION, MEASURED IN $",9043650000,"mid",9043650000
"20",2019,"KANSAS","CORN, GRAIN - PRODUCTION, MEASURED IN $",2850350000,"mid",2850350000
"21",2019,"KENTUCKY","CORN, GRAIN - PRODUCTION, MEASURED IN $",960596000,"mid",960596000
"22",2019,"MINNESOTA","CORN, GRAIN - PRODUCTION, MEASURED IN $",4088855000,"north",4088855000
"23",2019,"MISSOURI","CORN, GRAIN - PRODUCTION, MEASURED IN $",1700862000,"mid",1700862000
"24",2019,"NEBRASKA","CORN, GRAIN - PRODUCTION, MEASURED IN $",6284678000,"mid",6284678000
"25",2019,"NORTH DAKOTA","CORN, GRAIN - PRODUCTION, MEASURED IN $",1258792000,"north",1258792000
"26",2019,"OKLAHOMA","CORN, GRAIN - PRODUCTION, MEASURED IN $",180840000,"south",180840000
"27",2019,"SOUTH DAKOTA","CORN, GRAIN - PRODUCTION, MEASURED IN $",1850170000,"north",1850170000
"28",2019,"TENNESSEE","CORN, GRAIN - PRODUCTION, MEASURED IN $",608845000,"south",608845000
"29",2019,"TEXAS","CORN, GRAIN - PRODUCTION, MEASURED IN $",1200990000,"south",1200990000
"30",2019,"WISCONSIN","CORN, GRAIN - PRODUCTION, MEASURED IN $",1520245000,"north",1520245000
"31",2018,"ARKANSAS","CORN, GRAIN - PRODUCTION, MEASURED IN $",443631000,"south",451670525.678977
"32",2018,"ILLINOIS","CORN, GRAIN - PRODUCTION, MEASURED IN $",8210160000,"mid",8358945346.71498
"33",2018,"INDIANA","CORN, GRAIN - PRODUCTION, MEASURED IN $",3657830000,"mid",3724117563.79589
"34",2018,"IOWA","CORN, GRAIN - PRODUCTION, MEASURED IN $",8971410000,"mid",9133990795.9129
"35",2018,"KANSAS","CORN, GRAIN - PRODUCTION, MEASURED IN $",2299864000,"mid",2341542367.12528
"36",2018,"KENTUCKY","CORN, GRAIN - PRODUCTION, MEASURED IN $",819840000,"mid",834697223.081013
"37",2018,"MINNESOTA","CORN, GRAIN - PRODUCTION, MEASURED IN $",4711288000,"north",4796666435.81052
"38",2018,"MISSOURI","CORN, GRAIN - PRODUCTION, MEASURED IN $",1715616000,"mid",1746706566.00478
"39",2018,"NEBRASKA","CORN, GRAIN - PRODUCTION, MEASURED IN $",6392448000,"mid",6508292586.71177
"40",2018,"NORTH DAKOTA","CORN, GRAIN - PRODUCTION, MEASURED IN $",1488323000,"north",1515294539.35841
"41",2018,"OKLAHOMA","CORN, GRAIN - PRODUCTION, MEASURED IN $",139655000,"south",142185841.980605
"42",2018,"SOUTH DAKOTA","CORN, GRAIN - PRODUCTION, MEASURED IN $",2628288000,"north",2675918099.94285
"43",2018,"TENNESSEE","CORN, GRAIN - PRODUCTION, MEASURED IN $",423226000,"south",430895744.213121
"44",2018,"TEXAS","CORN, GRAIN - PRODUCTION, MEASURED IN $",780570000,"south",794715568.184458
"45",2018,"WISCONSIN","CORN, GRAIN - PRODUCTION, MEASURED IN $",1919245000,"north",1954025751.25893
"46",2017,"ARKANSAS","CORN, GRAIN - PRODUCTION, MEASURED IN $",396341000,"south",413379929.914821
"47",2017,"ILLINOIS","CORN, GRAIN - PRODUCTION, MEASURED IN $",7505240000,"mid",7827894629.1045
"48",2017,"INDIANA","CORN, GRAIN - PRODUCTION, MEASURED IN $",3332160000,"mid",3475411494.81121
"49",2017,"IOWA","CORN, GRAIN - PRODUCTION, MEASURED IN $",8625198000,"mid",8996000274.36337
"50",2017,"KANSAS","CORN, GRAIN - PRODUCTION, MEASURED IN $",2251392000,"mid",2348180650.42675
"51",2017,"KENTUCKY","CORN, GRAIN - PRODUCTION, MEASURED IN $",801320000,"mid",835769212.469424
"52",2017,"MINNESOTA","CORN, GRAIN - PRODUCTION, MEASURED IN $",4707100000,"north",4909460964.42723
"53",2017,"MISSOURI","CORN, GRAIN - PRODUCTION, MEASURED IN $",1884025000,"mid",1965020329.60953
"54",2017,"NEBRASKA","CORN, GRAIN - PRODUCTION, MEASURED IN $",5639055000,"mid",5881481251.4623
"55",2017,"NORTH DAKOTA","CORN, GRAIN - PRODUCTION, MEASURED IN $",1364869000,"north",1423545511.47348
"56",2017,"OKLAHOMA","CORN, GRAIN - PRODUCTION, MEASURED IN $",137964000,"south",143895152.534732
"57",2017,"SOUTH DAKOTA","CORN, GRAIN - PRODUCTION, MEASURED IN $",2276094000,"north",2373944603.76177
"58",2017,"TENNESSEE","CORN, GRAIN - PRODUCTION, MEASURED IN $",431006000,"south",449535198.40962
"59",2017,"TEXAS","CORN, GRAIN - PRODUCTION, MEASURED IN $",1160320000,"south",1210202831.09435
"60",2017,"WISCONSIN","CORN, GRAIN - PRODUCTION, MEASURED IN $",1682406000,"north",1754733611.6331
"61",2016,"ARKANSAS","CORN, GRAIN - PRODUCTION, MEASURED IN $",470088000,"south",500741229.335513
"62",2016,"ILLINOIS","CORN, GRAIN - PRODUCTION, MEASURED IN $",7736880000,"mid",8241382044.2584
"63",2016,"INDIANA","CORN, GRAIN - PRODUCTION, MEASURED IN $",3435105000,"mid",3659099361.38886
"64",2016,"IOWA","CORN, GRAIN - PRODUCTION, MEASURED IN $",9043650000,"mid",9633363154.72872
"65",2016,"KANSAS","CORN, GRAIN - PRODUCTION, MEASURED IN $",2235648000,"mid",2381428855.62167
"66",2016,"KENTUCKY","CORN, GRAIN - PRODUCTION, MEASURED IN $",832524000,"mid",886810748.649867
"67",2016,"MINNESOTA","CORN, GRAIN - PRODUCTION, MEASURED IN $",4956240000,"north",5279423662.12676
"68",2016,"MISSOURI","CORN, GRAIN - PRODUCTION, MEASURED IN $",1939700000,"mid",2066182847.76913
"69",2016,"NEBRASKA","CORN, GRAIN - PRODUCTION, MEASURED IN $",5643668000,"mid",6011677073.82766
"70",2016,"NORTH DAKOTA","CORN, GRAIN - PRODUCTION, MEASURED IN $",1555147000,"north",1656554135.77338
"71",2016,"OKLAHOMA","CORN, GRAIN - PRODUCTION, MEASURED IN $",143567000,"south",152928634.791808
"72",2016,"SOUTH DAKOTA","CORN, GRAIN - PRODUCTION, MEASURED IN $",2552124000,"north",2718541441.55279
"73",2016,"TENNESSEE","CORN, GRAIN - PRODUCTION, MEASURED IN $",458708000,"south",488619168.806765
"74",2016,"TEXAS","CORN, GRAIN - PRODUCTION, MEASURED IN $",1201484000,"south",1279829681.22341
"75",2016,"WISCONSIN","CORN, GRAIN - PRODUCTION, MEASURED IN $",1879965000,"north",2002552682.06748
"76",2015,"ARKANSAS","CORN, GRAIN - PRODUCTION, MEASURED IN $",331040000,"south",357074940.672329
"77",2015,"ILLINOIS","CORN, GRAIN - PRODUCTION, MEASURED IN $",7426125000,"mid",8010159327.57461
"78",2015,"INDIANA","CORN, GRAIN - PRODUCTION, MEASURED IN $",3222240000,"mid",3475655983.66362
"79",2015,"IOWA","CORN, GRAIN - PRODUCTION, MEASURED IN $",8819712000,"mid",9513346239.56932
"80",2015,"KANSAS","CORN, GRAIN - PRODUCTION, MEASURED IN $",2140790000,"mid",2309154368.78297
"81",2015,"KENTUCKY","CORN, GRAIN - PRODUCTION, MEASURED IN $",874242000,"mid",942997554.021442
"82",2015,"MINNESOTA","CORN, GRAIN - PRODUCTION, MEASURED IN $",4815056000,"north",5193740440.83477
"83",2015,"MISSOURI","CORN, GRAIN - PRODUCTION, MEASURED IN $",1613858000,"mid",1740781324.32203
"84",2015,"NEBRASKA","CORN, GRAIN - PRODUCTION, MEASURED IN $",6043118000,"mid",6518384489.26378
"85",2015,"NORTH DAKOTA","CORN, GRAIN - PRODUCTION, MEASURED IN $",1074790000,"north",1159317833.14769
"86",2015,"OKLAHOMA","CORN, GRAIN - PRODUCTION, MEASURED IN $",141952000,"south",153115943.62711
"87",2015,"SOUTH DAKOTA","CORN, GRAIN - PRODUCTION, MEASURED IN $",2639241000,"north",2846806499.19943
"88",2015,"TENNESSEE","CORN, GRAIN - PRODUCTION, MEASURED IN $",457856000,"south",493864499.868505
"89",2015,"TEXAS","CORN, GRAIN - PRODUCTION, MEASURED IN $",1116990000,"south",1204836690.37453
"90",2015,"WISCONSIN","CORN, GRAIN - PRODUCTION, MEASURED IN $",1702320000,"north",1836200498.44526
"91",2014,"ARKANSAS","CORN, GRAIN - PRODUCTION, MEASURED IN $",409324000,"south",442039414.142467
"92",2014,"ILLINOIS","CORN, GRAIN - PRODUCTION, MEASURED IN $",8718500000,"mid",9415330232.77672
"93",2014,"INDIANA","CORN, GRAIN - PRODUCTION, MEASURED IN $",4067850000,"mid",4392974833.67561
"94",2014,"IOWA","CORN, GRAIN - PRODUCTION, MEASURED IN $",8783054000,"mid",9485043741.7343
"95",2014,"KANSAS","CORN, GRAIN - PRODUCTION, MEASURED IN $",2140236000,"mid",2311295373.75433
"96",2014,"KENTUCKY","CORN, GRAIN - PRODUCTION, MEASURED IN $",890204000,"mid",961353975.40159
"97",2014,"MINNESOTA","CORN, GRAIN - PRODUCTION, MEASURED IN $",4216524000,"north",4553531673.38746
"98",2014,"MISSOURI","CORN, GRAIN - PRODUCTION, MEASURED IN $",2225527000,"mid",2403403297.23701
"99",2014,"NEBRASKA","CORN, GRAIN - PRODUCTION, MEASURED IN $",6039729000,"mid",6522457194.64108
"100",2014,"NORTH DAKOTA","CORN, GRAIN - PRODUCTION, MEASURED IN $",1047825000,"north",1131572908.31671
"101",2014,"OKLAHOMA","CORN, GRAIN - PRODUCTION, MEASURED IN $",175209000,"south",189212662.127037
"102",2014,"SOUTH DAKOTA","CORN, GRAIN - PRODUCTION, MEASURED IN $",2629782000,"north",2839968569.15892
"103",2014,"TENNESSEE","CORN, GRAIN - PRODUCTION, MEASURED IN $",537667000,"south",580640289.071097
"104",2014,"TEXAS","CORN, GRAIN - PRODUCTION, MEASURED IN $",1301778000,"south",1405823221.85738
"105",2014,"WISCONSIN","CORN, GRAIN - PRODUCTION, MEASURED IN $",1780537000,"north",1922847261.18914
"106",2013,"ARKANSAS","CORN, GRAIN - PRODUCTION, MEASURED IN $",828518000,"south",909252333.1379
"107",2013,"ILLINOIS","CORN, GRAIN - PRODUCTION, MEASURED IN $",9493808000,"mid",10418925206.65
"108",2013,"INDIANA","CORN, GRAIN - PRODUCTION, MEASURED IN $",4612638000,"mid",5062113150.73485
"109",2013,"IOWA","CORN, GRAIN - PRODUCTION, MEASURED IN $",9609498000,"mid",10545888534.4482
"110",2013,"KANSAS","CORN, GRAIN - PRODUCTION, MEASURED IN $",2262960000,"mid",2483472489.18882
"111",2013,"KENTUCKY","CORN, GRAIN - PRODUCTION, MEASURED IN $",1135277000,"mid",1245903240.49423
"112",2013,"MINNESOTA","CORN, GRAIN - PRODUCTION, MEASURED IN $",5565318000,"north",6107626359.54119
"113",2013,"MISSOURI","CORN, GRAIN - PRODUCTION, MEASURED IN $",1988864000,"mid",2182667404.08051
"114",2013,"NEBRASKA","CORN, GRAIN - PRODUCTION, MEASURED IN $",7214357000,"mid",7917354763.97584
"115",2013,"NORTH DAKOTA","CORN, GRAIN - PRODUCTION, MEASURED IN $",1548360000,"north",1699238812.5996
"116",2013,"OKLAHOMA","CORN, GRAIN - PRODUCTION, MEASURED IN $",228796000,"south",251090859.598245
"117",2013,"SOUTH DAKOTA","CORN, GRAIN - PRODUCTION, MEASURED IN $",3251421000,"north",3568253351.48248
"118",2013,"TENNESSEE","CORN, GRAIN - PRODUCTION, MEASURED IN $",615373000,"south",675337573.836741
"119",2013,"TEXAS","CORN, GRAIN - PRODUCTION, MEASURED IN $",1363128000,"south",1495957015.25567
"120",2013,"WISCONSIN","CORN, GRAIN - PRODUCTION, MEASURED IN $",1924353000,"north",2111870176.66595
"121",2012,"ARKANSAS","CORN, GRAIN - PRODUCTION, MEASURED IN $",842465000,"south",938101621.589495
"122",2012,"ILLINOIS","CORN, GRAIN - PRODUCTION, MEASURED IN $",8836538000,"mid",9839661739.1075
"123",2012,"INDIANA","CORN, GRAIN - PRODUCTION, MEASURED IN $",4316093000,"mid",4806055850.66569
"124",2012,"IOWA","CORN, GRAIN - PRODUCTION, MEASURED IN $",12988148000,"mid",14462562480.6305
"125",2012,"KANSAS","CORN, GRAIN - PRODUCTION, MEASURED IN $",2641760000,"mid",2941652578.86116
"126",2012,"KENTUCKY","CORN, GRAIN - PRODUCTION, MEASURED IN $",724118000,"mid",806319870.881452
"127",2012,"MINNESOTA","CORN, GRAIN - PRODUCTION, MEASURED IN $",9167582000,"north",10208285851.94
"128",2012,"MISSOURI","CORN, GRAIN - PRODUCTION, MEASURED IN $",1816650000,"mid",2022876096.76432
"129",2012,"NEBRASKA","CORN, GRAIN - PRODUCTION, MEASURED IN $",8851570000,"mid",9856400171.65453
"130",2012,"NORTH DAKOTA","CORN, GRAIN - PRODUCTION, MEASURED IN $",2726895000,"north",3036452103.53461
"131",2012,"OKLAHOMA","CORN, GRAIN - PRODUCTION, MEASURED IN $",228448000,"south",254381415.547087
"132",2012,"SOUTH DAKOTA","CORN, GRAIN - PRODUCTION, MEASURED IN $",3597216000,"north",4005571938.07182
"133",2012,"TENNESSEE","CORN, GRAIN - PRODUCTION, MEASURED IN $",594048000,"south",661484325.285913
"134",2012,"TEXAS","CORN, GRAIN - PRODUCTION, MEASURED IN $",1423644000,"south",1585256058.075
"135",2012,"WISCONSIN","CORN, GRAIN - PRODUCTION, MEASURED IN $",2649240000,"north",2949981708.4149
"136",2011,"ARKANSAS","CORN, GRAIN - PRODUCTION, MEASURED IN $",459716000,"south",522495956.137771
"137",2011,"ILLINOIS","CORN, GRAIN - PRODUCTION, MEASURED IN $",12118438000,"mid",13773361922.8095
"138",2011,"INDIANA","CORN, GRAIN - PRODUCTION, MEASURED IN $",5297245000,"mid",6020649903.79066
"139",2011,"IOWA","CORN, GRAIN - PRODUCTION, MEASURED IN $",14609680000,"mid",16604814103.6354
"140",2011,"KANSAS","CORN, GRAIN - PRODUCTION, MEASURED IN $",2822232000,"mid",3207642995.42024
"141",2011,"KENTUCKY","CORN, GRAIN - PRODUCTION, MEASURED IN $",1138410000,"mid",1293874090.58375
"142",2011,"MINNESOTA","CORN, GRAIN - PRODUCTION, MEASURED IN $",7268415000,"north",8261007763.55645
"143",2011,"MISSOURI","CORN, GRAIN - PRODUCTION, MEASURED IN $",2225280000,"mid",2529169751.05121
"144",2011,"NEBRASKA","CORN, GRAIN - PRODUCTION, MEASURED IN $",9384960000,"mid",10666593393.562
"145",2011,"NORTH DAKOTA","CORN, GRAIN - PRODUCTION, MEASURED IN $",1256703000,"north",1428321475.7942
"146",2011,"OKLAHOMA","CORN, GRAIN - PRODUCTION, MEASURED IN $",108726000,"south",123573891.983388
"147",2011,"SOUTH DAKOTA","CORN, GRAIN - PRODUCTION, MEASURED IN $",3940002000,"north",4478058436.45801
"148",2011,"TENNESSEE","CORN, GRAIN - PRODUCTION, MEASURED IN $",631630000,"south",717886957.981232
"149",2011,"TEXAS","CORN, GRAIN - PRODUCTION, MEASURED IN $",884220000,"south",1004971274.30009
"150",2011,"WISCONSIN","CORN, GRAIN - PRODUCTION, MEASURED IN $",3097892000,"north",3520947808.10664
"151",2010,"ARKANSAS","CORN, GRAIN - PRODUCTION, MEASURED IN $",259350000,"south",304072820.967598
"152",2010,"ILLINOIS","CORN, GRAIN - PRODUCTION, MEASURED IN $",10201232000,"mid",11960352387.0635
"153",2010,"INDIANA","CORN, GRAIN - PRODUCTION, MEASURED IN $",4831455000,"mid",5664600544.546
"154",2010,"IOWA","CORN, GRAIN - PRODUCTION, MEASURED IN $",11261498000,"mid",13203452728.6715
"155",2010,"KANSAS","CORN, GRAIN - PRODUCTION, MEASURED IN $",2854170000,"mid",3346348654.02386
"156",2010,"KENTUCKY","CORN, GRAIN - PRODUCTION, MEASURED IN $",785478000,"mid",920927361.742768
"157",2010,"MINNESOTA","CORN, GRAIN - PRODUCTION, MEASURED IN $",6473421000,"north",7589710371.23921
"158",2010,"MISSOURI","CORN, GRAIN - PRODUCTION, MEASURED IN $",1974150000,"mid",2314576284.99396
"159",2010,"NEBRASKA","CORN, GRAIN - PRODUCTION, MEASURED IN $",7477719000,"mid",8767191481.52306
"160",2010,"NORTH DAKOTA","CORN, GRAIN - PRODUCTION, MEASURED IN $",1243282000,"north",1457675978.40076
"161",2010,"OKLAHOMA","CORN, GRAIN - PRODUCTION, MEASURED IN $",202803000,"south",237774745.751655
"162",2010,"SOUTH DAKOTA","CORN, GRAIN - PRODUCTION, MEASURED IN $",2899773000,"north",3399815524.48689
"163",2010,"TENNESSEE","CORN, GRAIN - PRODUCTION, MEASURED IN $",354931000,"south",416135995.445732
"164",2010,"TEXAS","CORN, GRAIN - PRODUCTION, MEASURED IN $",1398758000,"south",1639962563.75938
"165",2010,"WISCONSIN","CORN, GRAIN - PRODUCTION, MEASURED IN $",2646594000,"north",3102977842.82213
"166",2009,"ARKANSAS","CORN, GRAIN - PRODUCTION, MEASURED IN $",229977000,"south",274056809.374374
"167",2009,"ILLINOIS","CORN, GRAIN - PRODUCTION, MEASURED IN $",7247796000,"mid",8636984771.33082
"168",2009,"INDIANA","CORN, GRAIN - PRODUCTION, MEASURED IN $",3417196000,"mid",4072171707.4615
"169",2009,"IOWA","CORN, GRAIN - PRODUCTION, MEASURED IN $",8642207000,"mid",10298663241.8584
"170",2009,"KANSAS","CORN, GRAIN - PRODUCTION, MEASURED IN $",2088067000,"mid",2488287871.30852
"171",2009,"KENTUCKY","CORN, GRAIN - PRODUCTION, MEASURED IN $",709665000,"mid",845686854.010031
"172",2009,"MINNESOTA","CORN, GRAIN - PRODUCTION, MEASURED IN $",4317027000,"north",5144473776.08641
"173",2009,"MISSOURI","CORN, GRAIN - PRODUCTION, MEASURED IN $",1599401000,"mid",1905959008.81472
"174",2009,"NEBRASKA","CORN, GRAIN - PRODUCTION, MEASURED IN $",5671257000,"mid",6758269733.76504
"175",2009,"NORTH DAKOTA","CORN, GRAIN - PRODUCTION, MEASURED IN $",636318000,"north",758281396.954838
"176",2009,"OKLAHOMA","CORN, GRAIN - PRODUCTION, MEASURED IN $",124656000,"south",148548879.363467
"177",2009,"SOUTH DAKOTA","CORN, GRAIN - PRODUCTION, MEASURED IN $",2282576000,"north",2720078510.95771
"178",2009,"TENNESSEE","CORN, GRAIN - PRODUCTION, MEASURED IN $",318718000,"south",379806842.293715
"179",2009,"TEXAS","CORN, GRAIN - PRODUCTION, MEASURED IN $",974590000,"south",1161390164.44327
"180",2009,"WISCONSIN","CORN, GRAIN - PRODUCTION, MEASURED IN $",1600395000,"north",1907143529.3038
"181",2008,"ARKANSAS","CORN, GRAIN - PRODUCTION, MEASURED IN $",288891000,"south",343038872.090431
"182",2008,"ILLINOIS","CORN, GRAIN - PRODUCTION, MEASURED IN $",8541701000,"mid",10142702530.6213
"183",2008,"INDIANA","CORN, GRAIN - PRODUCTION, MEASURED IN $",3581760000,"mid",4253102071.36471
"184",2008,"IOWA","CORN, GRAIN - PRODUCTION, MEASURED IN $",8974080000,"mid",10656123871.1116
"185",2008,"KANSAS","CORN, GRAIN - PRODUCTION, MEASURED IN $",1989095000,"mid",2361918181.185
"186",2008,"KENTUCKY","CORN, GRAIN - PRODUCTION, MEASURED IN $",664115000,"mid",788592446.764823
"187",2008,"MINNESOTA","CORN, GRAIN - PRODUCTION, MEASURED IN $",4572288000,"north",5429288272.71397
"188",2008,"MISSOURI","CORN, GRAIN - PRODUCTION, MEASURED IN $",1568376000,"mid",1862342316.14589
"189",2008,"NEBRASKA","CORN, GRAIN - PRODUCTION, MEASURED IN $",5644283000,"mid",6702211124.88514
"190",2008,"NORTH DAKOTA","CORN, GRAIN - PRODUCTION, MEASURED IN $",1066648000,"north",1266573644.86091
"191",2008,"OKLAHOMA","CORN, GRAIN - PRODUCTION, MEASURED IN $",156992000,"south",186417571.358128
"192",2008,"SOUTH DAKOTA","CORN, GRAIN - PRODUCTION, MEASURED IN $",2212056000,"north",2626669557.86394
"193",2008,"TENNESSEE","CORN, GRAIN - PRODUCTION, MEASURED IN $",336760000,"south",399880129.755422
"194",2008,"TEXAS","CORN, GRAIN - PRODUCTION, MEASURED IN $",1154583000,"south",1370990616.02745
"195",2008,"WISCONSIN","CORN, GRAIN - PRODUCTION, MEASURED IN $",1534838000,"north",1822518169.0033
"196",2007,"ARKANSAS","CORN, GRAIN - PRODUCTION, MEASURED IN $",378898000,"south",467188940.003031
"197",2007,"ILLINOIS","CORN, GRAIN - PRODUCTION, MEASURED IN $",9340538000,"mid",11517073321.258
"198",2007,"INDIANA","CORN, GRAIN - PRODUCTION, MEASURED IN $",4306502000,"mid",5310004551.35929
"199",2007,"IOWA","CORN, GRAIN - PRODUCTION, MEASURED IN $",10196901000,"mid",12572986316.9134
"200",2007,"KANSAS","CORN, GRAIN - PRODUCTION, MEASURED IN $",2097379000,"mid",2586110963.35852
"201",2007,"KENTUCKY","CORN, GRAIN - PRODUCTION, MEASURED IN $",710093000,"mid",875559110.825531
"202",2007,"MINNESOTA","CORN, GRAIN - PRODUCTION, MEASURED IN $",4733393000,"north",5836369836.44085
"203",2007,"MISSOURI","CORN, GRAIN - PRODUCTION, MEASURED IN $",1909026000,"mid",2353867883.64738
"204",2007,"NEBRASKA","CORN, GRAIN - PRODUCTION, MEASURED IN $",6094080000,"mid",7514124581.0051
"205",2007,"NORTH DAKOTA","CORN, GRAIN - PRODUCTION, MEASURED IN $",1106756000,"north",1364652657.13198
"206",2007,"OKLAHOMA","CORN, GRAIN - PRODUCTION, MEASURED IN $",159341000,"south",196470693.666958
"207",2007,"SOUTH DAKOTA","CORN, GRAIN - PRODUCTION, MEASURED IN $",2260474000,"north",2787210415.37409
"208",2007,"TENNESSEE","CORN, GRAIN - PRODUCTION, MEASURED IN $",318212000,"south",392361867.775086
"209",2007,"TEXAS","CORN, GRAIN - PRODUCTION, MEASURED IN $",1268286000,"south",1563822432.31868
"210",2007,"WISCONSIN","CORN, GRAIN - PRODUCTION, MEASURED IN $",1819908000,"north",2243983577.17126
"211",2006,"ARKANSAS","CORN, GRAIN - PRODUCTION, MEASURED IN $",71744000,"south",90985336.86743
"212",2006,"ILLINOIS","CORN, GRAIN - PRODUCTION, MEASURED IN $",5579572000,"mid",7075981796.33252
"213",2006,"INDIANA","CORN, GRAIN - PRODUCTION, MEASURED IN $",2677572000,"mid",3395681735.15274
"214",2006,"IOWA","CORN, GRAIN - PRODUCTION, MEASURED IN $",6211803000,"mid",7877773590.94994
"215",2006,"KANSAS","CORN, GRAIN - PRODUCTION, MEASURED IN $",1062600000,"mid",1347583337.35687
"216",2006,"KENTUCKY","CORN, GRAIN - PRODUCTION, MEASURED IN $",482851000,"mid",612348919.655657
"217",2006,"MINNESOTA","CORN, GRAIN - PRODUCTION, MEASURED IN $",3187237000,"north",4042036018.6404
"218",2006,"MISSOURI","CORN, GRAIN - PRODUCTION, MEASURED IN $",1110596000,"mid",1408451594.33012
"219",2006,"NEBRASKA","CORN, GRAIN - PRODUCTION, MEASURED IN $",3.534e+09,"mid",4481798902.89777
"220",2006,"NORTH DAKOTA","CORN, GRAIN - PRODUCTION, MEASURED IN $",430458000,"north",545904412.038361
"221",2006,"OKLAHOMA","CORN, GRAIN - PRODUCTION, MEASURED IN $",73227000,"south",92866069.1178538
"222",2006,"SOUTH DAKOTA","CORN, GRAIN - PRODUCTION, MEASURED IN $",899539000,"north",1140790295.22178
"223",2006,"TENNESSEE","CORN, GRAIN - PRODUCTION, MEASURED IN $",183125000,"south",232238093.970898
"224",2006,"TEXAS","CORN, GRAIN - PRODUCTION, MEASURED IN $",561440000,"south",712015046.984416
"225",2006,"WISCONSIN","CORN, GRAIN - PRODUCTION, MEASURED IN $",1217216000,"north",1543666478.03894
"226",2005,"ARKANSAS","CORN, GRAIN - PRODUCTION, MEASURED IN $",64780000,"south",84803861.4977598
"227",2005,"ILLINOIS","CORN, GRAIN - PRODUCTION, MEASURED IN $",3554408000,"mid",4653095457.52592
"228",2005,"INDIANA","CORN, GRAIN - PRODUCTION, MEASURED IN $",1777160000,"mid",2326490128.11607
"229",2005,"IOWA","CORN, GRAIN - PRODUCTION, MEASURED IN $",4195250000,"mid",5492025315.66034
"230",2005,"KANSAS","CORN, GRAIN - PRODUCTION, MEASURED IN $",964103000,"mid",1262112647.13761
"231",2005,"KENTUCKY","CORN, GRAIN - PRODUCTION, MEASURED IN $",344230000,"mid",450633424.56582
"232",2005,"MINNESOTA","CORN, GRAIN - PRODUCTION, MEASURED IN $",2216934000,"north",2902200739.20461
"233",2005,"MISSOURI","CORN, GRAIN - PRODUCTION, MEASURED IN $",669230000,"mid",876092748.227011
"234",2005,"NEBRASKA","CORN, GRAIN - PRODUCTION, MEASURED IN $",2439360000,"mid",3193379863.89588
"235",2005,"NORTH DAKOTA","CORN, GRAIN - PRODUCTION, MEASURED IN $",278640000,"north",364769187.522936
"236",2005,"OKLAHOMA","CORN, GRAIN - PRODUCTION, MEASURED IN $",68713000,"south",89952573.8668658
"237",2005,"SOUTH DAKOTA","CORN, GRAIN - PRODUCTION, MEASURED IN $",841390000,"north",1101468370.26243
"238",2005,"TENNESSEE","CORN, GRAIN - PRODUCTION, MEASURED IN $",160115000,"south",209607444.947728
"239",2005,"TEXAS","CORN, GRAIN - PRODUCTION, MEASURED IN $",520923000,"south",681943222.337103
"240",2005,"WISCONSIN","CORN, GRAIN - PRODUCTION, MEASURED IN $",832648000,"north",1090024169.00875
"241",2004,"ARKANSAS","CORN, GRAIN - PRODUCTION, MEASURED IN $",102053000,"south",138130802.134033
"242",2004,"ILLINOIS","CORN, GRAIN - PRODUCTION, MEASURED IN $",4468320000,"mid",6047961606.14136
"243",2004,"INDIANA","CORN, GRAIN - PRODUCTION, MEASURED IN $",1848790000,"mid",2502374704.09865
"244",2004,"IOWA","CORN, GRAIN - PRODUCTION, MEASURED IN $",4466356000,"mid",6045303292.36919
"245",2004,"KANSAS","CORN, GRAIN - PRODUCTION, MEASURED IN $",915840000,"mid",1239607986.30548
"246",2004,"KENTUCKY","CORN, GRAIN - PRODUCTION, MEASURED IN $",388147000,"mid",525364824.707933
"247",2004,"MINNESOTA","CORN, GRAIN - PRODUCTION, MEASURED IN $",2174643000,"north",2943423338.31598
"248",2004,"MISSOURI","CORN, GRAIN - PRODUCTION, MEASURED IN $",947117000,"mid",1281942039.18336
"249",2004,"NEBRASKA","CORN, GRAIN - PRODUCTION, MEASURED IN $",2665794000,"mid",3608206162.91626
"250",2004,"NORTH DAKOTA","CORN, GRAIN - PRODUCTION, MEASURED IN $",227010000,"north",307262632.087709
"251",2004,"OKLAHOMA","CORN, GRAIN - PRODUCTION, MEASURED IN $",75900000,"south",102732187.020206
"252",2004,"SOUTH DAKOTA","CORN, GRAIN - PRODUCTION, MEASURED IN $",981890000,"north",1329007998.85732
"253",2004,"TENNESSEE","CORN, GRAIN - PRODUCTION, MEASURED IN $",186837000,"south",252887663.060531
"254",2004,"TEXAS","CORN, GRAIN - PRODUCTION, MEASURED IN $",607152000,"south",821792527.189623
"255",2004,"WISCONSIN","CORN, GRAIN - PRODUCTION, MEASURED IN $",760240000,"north",1029000235.3128
"256",2003,"ARKANSAS","CORN, GRAIN - PRODUCTION, MEASURED IN $",116130000,"south",161392502.636467
"257",2003,"ILLINOIS","CORN, GRAIN - PRODUCTION, MEASURED IN $",4385524000,"mid",6094813517.0265
"258",2003,"INDIANA","CORN, GRAIN - PRODUCTION, MEASURED IN $",1990958000,"mid",2766948198.26138
"259",2003,"IOWA","CORN, GRAIN - PRODUCTION, MEASURED IN $",4427871000,"mid",6153665564.81042
"260",2003,"KANSAS","CORN, GRAIN - PRODUCTION, MEASURED IN $",7.53e+08,"mid",1046487165.11891
"261",2003,"KENTUCKY","CORN, GRAIN - PRODUCTION, MEASURED IN $",374339000,"mid",520240317.268856
"262",2003,"MINNESOTA","CORN, GRAIN - PRODUCTION, MEASURED IN $",2281615000,"north",3170890854.24009
"263",2003,"MISSOURI","CORN, GRAIN - PRODUCTION, MEASURED IN $",743904000,"mid",1033845933.706
"264",2003,"NEBRASKA","CORN, GRAIN - PRODUCTION, MEASURED IN $",2686838000,"mid",3734052432.60793
"265",2003,"NORTH DAKOTA","CORN, GRAIN - PRODUCTION, MEASURED IN $",310565000,"north",431609942.14496
"266",2003,"OKLAHOMA","CORN, GRAIN - PRODUCTION, MEASURED IN $",61750000,"south",85817506.5685164
"267",2003,"SOUTH DAKOTA","CORN, GRAIN - PRODUCTION, MEASURED IN $",974358000,"north",1354121037.49128
"268",2003,"TENNESSEE","CORN, GRAIN - PRODUCTION, MEASURED IN $",192491000,"south",267515751.528426
"269",2003,"TEXAS","CORN, GRAIN - PRODUCTION, MEASURED IN $",504273000,"south",700817028.175311
"270",2003,"WISCONSIN","CORN, GRAIN - PRODUCTION, MEASURED IN $",863978000,"north",1200719638.70532
"271",2002,"ARKANSAS","CORN, GRAIN - PRODUCTION, MEASURED IN $",83033000,"south",118015301.059532
"272",2002,"ILLINOIS","CORN, GRAIN - PRODUCTION, MEASURED IN $",3458025000,"mid",4914911679.04795
"273",2002,"INDIANA","CORN, GRAIN - PRODUCTION, MEASURED IN $",1522204000,"mid",2163517677.71879
"274",2002,"IOWA","CORN, GRAIN - PRODUCTION, MEASURED IN $",4288041000,"mid",6094618399.55942
"275",2002,"KANSAS","CORN, GRAIN - PRODUCTION, MEASURED IN $",747968000,"mid",1063091405.86148
"276",2002,"KENTUCKY","CORN, GRAIN - PRODUCTION, MEASURED IN $",287102000,"mid",408059795.07899
"277",2002,"MINNESOTA","CORN, GRAIN - PRODUCTION, MEASURED IN $",2261585000,"north",3214404328.96224
"278",2002,"MISSOURI","CORN, GRAIN - PRODUCTION, MEASURED IN $",694575000,"mid",987203614.628214
"279",2002,"NEBRASKA","CORN, GRAIN - PRODUCTION, MEASURED IN $",2182656000,"mid",3102222067.72481
"280",2002,"NORTH DAKOTA","CORN, GRAIN - PRODUCTION, MEASURED IN $",245009000,"north",348232761.640491
"281",2002,"OKLAHOMA","CORN, GRAIN - PRODUCTION, MEASURED IN $",60515000,"south",86010332.5619643
"282",2002,"SOUTH DAKOTA","CORN, GRAIN - PRODUCTION, MEASURED IN $",669988000,"north",952257964.017605
"283",2002,"TENNESSEE","CORN, GRAIN - PRODUCTION, MEASURED IN $",168397000,"south",239343666.403984
"284",2002,"TEXAS","CORN, GRAIN - PRODUCTION, MEASURED IN $",519834000,"south",738843182.963169
"285",2002,"WISCONSIN","CORN, GRAIN - PRODUCTION, MEASURED IN $",869130000,"north",1235299683.37735
"286",2001,"ARKANSAS","CORN, GRAIN - PRODUCTION, MEASURED IN $",54187000,"south",78237811.2024661
"287",2001,"ILLINOIS","CORN, GRAIN - PRODUCTION, MEASURED IN $",3364368000,"mid",4857637226.63404
"288",2001,"INDIANA","CORN, GRAIN - PRODUCTION, MEASURED IN $",1751350000,"mid",2528683829.13686
"289",2001,"IOWA","CORN, GRAIN - PRODUCTION, MEASURED IN $",3162360000,"mid",4565968306.68298
"290",2001,"KANSAS","CORN, GRAIN - PRODUCTION, MEASURED IN $",786321000,"mid",1135328288.01252
"291",2001,"KENTUCKY","CORN, GRAIN - PRODUCTION, MEASURED IN $",324896000,"mid",469100557.48494
"292",2001,"MINNESOTA","CORN, GRAIN - PRODUCTION, MEASURED IN $",1531400000,"north",2211109381.87124
"293",2001,"MISSOURI","CORN, GRAIN - PRODUCTION, MEASURED IN $",677768000,"mid",978594216.750753
"294",2001,"NEBRASKA","CORN, GRAIN - PRODUCTION, MEASURED IN $",2210145000,"mid",3191114238.47186
"295",2001,"NORTH DAKOTA","CORN, GRAIN - PRODUCTION, MEASURED IN $",151610000,"north",218901850.192959
"296",2001,"OKLAHOMA","CORN, GRAIN - PRODUCTION, MEASURED IN $",55125000,"south",79592140.9662086
"297",2001,"SOUTH DAKOTA","CORN, GRAIN - PRODUCTION, MEASURED IN $",648550000,"north",936407855.304029
"298",2001,"TENNESSEE","CORN, GRAIN - PRODUCTION, MEASURED IN $",165871000,"south",239492571.686276
"299",2001,"TEXAS","CORN, GRAIN - PRODUCTION, MEASURED IN $",383712000,"south",554021942.756024
"300",2001,"WISCONSIN","CORN, GRAIN - PRODUCTION, MEASURED IN $",650494000,"north",939214696.520143
"301",2000,"ARKANSAS","CORN, GRAIN - PRODUCTION, MEASURED IN $",39813000,"south",59108529.2087689
"302",2000,"ILLINOIS","CORN, GRAIN - PRODUCTION, MEASURED IN $",3186931000,"mid",4731489817.39208
"303",2000,"INDIANA","CORN, GRAIN - PRODUCTION, MEASURED IN $",1539570000,"mid",2285728739.70674
"304",2000,"IOWA","CORN, GRAIN - PRODUCTION, MEASURED IN $",3.024e+09,"mid",4489593658.53658
"305",2000,"KANSAS","CORN, GRAIN - PRODUCTION, MEASURED IN $",824200000,"mid",1223651816.58924
"306",2000,"KENTUCKY","CORN, GRAIN - PRODUCTION, MEASURED IN $",330993000,"mid",491410077.321429
"307",2000,"MINNESOTA","CORN, GRAIN - PRODUCTION, MEASURED IN $",1648868000,"north",2447998451.24468
"308",2000,"MISSOURI","CORN, GRAIN - PRODUCTION, MEASURED IN $",705076000,"mid",1046793894.96903
"309",2000,"NEBRASKA","CORN, GRAIN - PRODUCTION, MEASURED IN $",1927170000,"mid",2861180625.30488
"310",2000,"NORTH DAKOTA","CORN, GRAIN - PRODUCTION, MEASURED IN $",171864000,"north",255158572.926829
"311",2000,"OKLAHOMA","CORN, GRAIN - PRODUCTION, MEASURED IN $",70560000,"south",104757185.365854
"312",2000,"SOUTH DAKOTA","CORN, GRAIN - PRODUCTION, MEASURED IN $",685216000,"north",1017308666.77507
"313",2000,"TENNESSEE","CORN, GRAIN - PRODUCTION, MEASURED IN $",129595000,"south",192403733.524487
"314",2000,"TEXAS","CORN, GRAIN - PRODUCTION, MEASURED IN $",513608000,"south",762530165.269067
"315",2000,"WISCONSIN","CORN, GRAIN - PRODUCTION, MEASURED IN $",675180000,"north",1002408679.3554
"316",1999,"ARKANSAS","CORN, GRAIN - PRODUCTION, MEASURED IN $",22620000,"south",34716918.8953925
"317",1999,"ILLINOIS","CORN, GRAIN - PRODUCTION, MEASURED IN $",2847810000,"mid",4370786419.07549
"318",1999,"INDIANA","CORN, GRAIN - PRODUCTION, MEASURED IN $",1407067000,"mid",2159550438.52269
"319",1999,"IOWA","CORN, GRAIN - PRODUCTION, MEASURED IN $",3024104000,"mid",4641360446.47356
"320",1999,"KANSAS","CORN, GRAIN - PRODUCTION, MEASURED IN $",760526000,"mid",1167246660.47026
"321",1999,"KENTUCKY","CORN, GRAIN - PRODUCTION, MEASURED IN $",261429000,"mid",401238257.732253
"322",1999,"MINNESOTA","CORN, GRAIN - PRODUCTION, MEASURED IN $",1.584e+09,"north",2431105195.85772
"323",1999,"MISSOURI","CORN, GRAIN - PRODUCTION, MEASURED IN $",484806000,"mid",744074738.373105
"324",1999,"NEBRASKA","CORN, GRAIN - PRODUCTION, MEASURED IN $",2018975000,"mid",3098699881.8225
"325",1999,"NORTH DAKOTA","CORN, GRAIN - PRODUCTION, MEASURED IN $",121850000,"north",187013995.022262
"326",1999,"OKLAHOMA","CORN, GRAIN - PRODUCTION, MEASURED IN $",79170000,"south",121509216.133874
"327",1999,"SOUTH DAKOTA","CORN, GRAIN - PRODUCTION, MEASURED IN $",565565000,"north",868022733.646005
"328",1999,"TENNESSEE","CORN, GRAIN - PRODUCTION, MEASURED IN $",111629000,"south",171326920.396718
"329",1999,"TEXAS","CORN, GRAIN - PRODUCTION, MEASURED IN $",472643000,"south",725407104.220821
"330",1999,"WISCONSIN","CORN, GRAIN - PRODUCTION, MEASURED IN $",721364000,"north",1107141267.9954
"331",1998,"ARKANSAS","CORN, GRAIN - PRODUCTION, MEASURED IN $",39775000,"south",62381925.7578856
"332",1998,"ILLINOIS","CORN, GRAIN - PRODUCTION, MEASURED IN $",3005838000,"mid",4714266824.79526
"333",1998,"INDIANA","CORN, GRAIN - PRODUCTION, MEASURED IN $",1604339000,"mid",2516197520.76632
"334",1998,"IOWA","CORN, GRAIN - PRODUCTION, MEASURED IN $",3290340000,"mid",5160471290.96672
"335",1998,"KANSAS","CORN, GRAIN - PRODUCTION, MEASURED IN $",821142000,"mid",1287854664.50488
"336",1998,"KENTUCKY","CORN, GRAIN - PRODUCTION, MEASURED IN $",294469000,"mid",461836412.218701
"337",1998,"MINNESOTA","CORN, GRAIN - PRODUCTION, MEASURED IN $",1766003000,"north",2769746525.05854
"338",1998,"MISSOURI","CORN, GRAIN - PRODUCTION, MEASURED IN $",547200000,"mid",858212187.924953
"339",1998,"NEBRASKA","CORN, GRAIN - PRODUCTION, MEASURED IN $",2330730000,"mid",3655447537.94285
"340",1998,"NORTH DAKOTA","CORN, GRAIN - PRODUCTION, MEASURED IN $",150950000,"north",236745485.685803
"341",1998,"OKLAHOMA","CORN, GRAIN - PRODUCTION, MEASURED IN $",60060000,"south",94196315.8018506
"342",1998,"SOUTH DAKOTA","CORN, GRAIN - PRODUCTION, MEASURED IN $",691576000,"north",1084647207.74194
"343",1998,"TENNESSEE","CORN, GRAIN - PRODUCTION, MEASURED IN $",126778000,"south",198834840.571545
"344",1998,"TEXAS","CORN, GRAIN - PRODUCTION, MEASURED IN $",418100000,"south",655735591.687542
"345",1998,"WISCONSIN","CORN, GRAIN - PRODUCTION, MEASURED IN $",743636000,"north",1166296561.73202
"346",1997,"ARKANSAS","CORN, GRAIN - PRODUCTION, MEASURED IN $",58044000,"south",92447590.6530994
"347",1997,"ILLINOIS","CORN, GRAIN - PRODUCTION, MEASURED IN $",3606389000,"mid",5743952415.54408
"348",1997,"INDIANA","CORN, GRAIN - PRODUCTION, MEASURED IN $",1774795000,"mid",2826743877.97477
"349",1997,"IOWA","CORN, GRAIN - PRODUCTION, MEASURED IN $",3826326000,"mid",6094249530.58561
"350",1997,"KANSAS","CORN, GRAIN - PRODUCTION, MEASURED IN $",918346000,"mid",1462664101.12865
"351",1997,"KENTUCKY","CORN, GRAIN - PRODUCTION, MEASURED IN $",310339000,"mid",494281800.628699
"352",1997,"MINNESOTA","CORN, GRAIN - PRODUCTION, MEASURED IN $",1830510000,"north",2915482033.74001
"353",1997,"MISSOURI","CORN, GRAIN - PRODUCTION, MEASURED IN $",732550000,"mid",1166743893.13155
"354",1997,"NEBRASKA","CORN, GRAIN - PRODUCTION, MEASURED IN $",2633664000,"mid",4194678026.83833
"355",1997,"NORTH DAKOTA","CORN, GRAIN - PRODUCTION, MEASURED IN $",123829000,"north",197224393.614889
"356",1997,"OKLAHOMA","CORN, GRAIN - PRODUCTION, MEASURED IN $",62404000,"south",99391831.1473367
"357",1997,"SOUTH DAKOTA","CORN, GRAIN - PRODUCTION, MEASURED IN $",701760000,"north",1117704176.43028
"358",1997,"TENNESSEE","CORN, GRAIN - PRODUCTION, MEASURED IN $",167586000,"south",266916854.923684
"359",1997,"TEXAS","CORN, GRAIN - PRODUCTION, MEASURED IN $",661710000,"south",1053915912.25729
"360",1997,"WISCONSIN","CORN, GRAIN - PRODUCTION, MEASURED IN $",942084000,"north",1500471986.64521
"361",1996,"ARKANSAS","CORN, GRAIN - PRODUCTION, MEASURED IN $",76188000,"south",124182513.618106
"362",1996,"ILLINOIS","CORN, GRAIN - PRODUCTION, MEASURED IN $",4097952000,"mid",6679450570.25183
"363",1996,"INDIANA","CORN, GRAIN - PRODUCTION, MEASURED IN $",1863573000,"mid",3037527949.95059
"364",1996,"IOWA","CORN, GRAIN - PRODUCTION, MEASURED IN $",4449120000,"mid",7251836312.6554
"365",1996,"KANSAS","CORN, GRAIN - PRODUCTION, MEASURED IN $",1010876000,"mid",1647675784.06333
"366",1996,"KENTUCKY","CORN, GRAIN - PRODUCTION, MEASURED IN $",446400000,"mid",727608994.58081
"367",1996,"MINNESOTA","CORN, GRAIN - PRODUCTION, MEASURED IN $",2145813000,"north",3497564604.58878
"368",1996,"MISSOURI","CORN, GRAIN - PRODUCTION, MEASURED IN $",942797000,"mid",1536710522.54436
"369",1996,"NEBRASKA","CORN, GRAIN - PRODUCTION, MEASURED IN $",3114540000,"mid",5076539690.81925
"370",1996,"NORTH DAKOTA","CORN, GRAIN - PRODUCTION, MEASURED IN $",132678000,"north",216258302.381256
"371",1996,"OKLAHOMA","CORN, GRAIN - PRODUCTION, MEASURED IN $",71485000,"south",116516865.989268
"372",1996,"SOUTH DAKOTA","CORN, GRAIN - PRODUCTION, MEASURED IN $",843150000,"north",1374291047.89608
"373",1996,"TENNESSEE","CORN, GRAIN - PRODUCTION, MEASURED IN $",218660000,"south",356404531.26129
"374",1996,"TEXAS","CORN, GRAIN - PRODUCTION, MEASURED IN $",632386000,"south",1030756589.71098
"375",1996,"WISCONSIN","CORN, GRAIN - PRODUCTION, MEASURED IN $",872460000,"north",1422064837.39241
"376",1995,"ARKANSAS","CORN, GRAIN - PRODUCTION, MEASURED IN $",30303000,"south",50840118.3238543
"377",1995,"ILLINOIS","CORN, GRAIN - PRODUCTION, MEASURED IN $",3.729e+09,"mid",6256238696.81724
"378",1995,"INDIANA","CORN, GRAIN - PRODUCTION, MEASURED IN $",2024282000,"mid",3396189697.4177
"379",1995,"IOWA","CORN, GRAIN - PRODUCTION, MEASURED IN $",4565760000,"mid",7660092355.15695
"380",1995,"KANSAS","CORN, GRAIN - PRODUCTION, MEASURED IN $",791467000,"mid",1327864433.53549
"381",1995,"KENTUCKY","CORN, GRAIN - PRODUCTION, MEASURED IN $",402602000,"mid",675455674.930548
"382",1995,"MINNESOTA","CORN, GRAIN - PRODUCTION, MEASURED IN $",2298009000,"north",3855428487.9148
"383",1995,"MISSOURI","CORN, GRAIN - PRODUCTION, MEASURED IN $",521791000,"mid",875422109.372744
"384",1995,"NEBRASKA","CORN, GRAIN - PRODUCTION, MEASURED IN $",2752134000,"mid",4617325618.028
"385",1995,"NORTH DAKOTA","CORN, GRAIN - PRODUCTION, MEASURED IN $",127316000,"north",213601310.250465
"386",1995,"OKLAHOMA","CORN, GRAIN - PRODUCTION, MEASURED IN $",60125000,"south",100873250.642568
"387",1995,"SOUTH DAKOTA","CORN, GRAIN - PRODUCTION, MEASURED IN $",625167000,"north",1048858669.18025
"388",1995,"TENNESSEE","CORN, GRAIN - PRODUCTION, MEASURED IN $",223020000,"south",374166359.389697
"389",1995,"TEXAS","CORN, GRAIN - PRODUCTION, MEASURED IN $",690954000,"south",1159231202.07044
"390",1995,"WISCONSIN","CORN, GRAIN - PRODUCTION, MEASURED IN $",1081347000,"north",1814203525.36531
"391",1994,"ARKANSAS","CORN, GRAIN - PRODUCTION, MEASURED IN $",24948000,"south",43030131.4285714
"392",1994,"ILLINOIS","CORN, GRAIN - PRODUCTION, MEASURED IN $",4054674000,"mid",6993472627.86642
"393",1994,"INDIANA","CORN, GRAIN - PRODUCTION, MEASURED IN $",1931040000,"mid",3330643939.14657
"394",1994,"IOWA","CORN, GRAIN - PRODUCTION, MEASURED IN $",4251744000,"mid",7333377550.12987
"395",1994,"KANSAS","CORN, GRAIN - PRODUCTION, MEASURED IN $",696696000,"mid",1201656262.85714
"396",1994,"KENTUCKY","CORN, GRAIN - PRODUCTION, MEASURED IN $",371661000,"mid",641038226.586271
"397",1994,"MINNESOTA","CORN, GRAIN - PRODUCTION, MEASURED IN $",2042457000,"north",3522815181.46568
"398",1994,"MISSOURI","CORN, GRAIN - PRODUCTION, MEASURED IN $",610650000,"mid",1053244739.3321
"399",1994,"NEBRASKA","CORN, GRAIN - PRODUCTION, MEASURED IN $",2671928000,"mid",4608522246.58009
"400",1994,"NORTH DAKOTA","CORN, GRAIN - PRODUCTION, MEASURED IN $",107120000,"north",184759807.544836
"401",1994,"OKLAHOMA","CORN, GRAIN - PRODUCTION, MEASURED IN $",45020000,"south",77650173.0364873
"402",1994,"SOUTH DAKOTA","CORN, GRAIN - PRODUCTION, MEASURED IN $",727218000,"north",1254300389.49907
"403",1994,"TENNESSEE","CORN, GRAIN - PRODUCTION, MEASURED IN $",148770000,"south",256597428.756957
"404",1994,"TEXAS","CORN, GRAIN - PRODUCTION, MEASURED IN $",599087000,"south",1033300959.8825
"405",1994,"WISCONSIN","CORN, GRAIN - PRODUCTION, MEASURED IN $",983475000,"north",1696290624.76809
"406",1993,"ARKANSAS","CORN, GRAIN - PRODUCTION, MEASURED IN $",20721000,"south",36671316.9708682
"407",1993,"ILLINOIS","CORN, GRAIN - PRODUCTION, MEASURED IN $",3.341e+09,"mid",5912787510.2394
"408",1993,"INDIANA","CORN, GRAIN - PRODUCTION, MEASURED IN $",1789128000,"mid",3166337531.46351
"409",1993,"IOWA","CORN, GRAIN - PRODUCTION, MEASURED IN $",2147200000,"mid",3800041108.0473
"410",1993,"KANSAS","CORN, GRAIN - PRODUCTION, MEASURED IN $",563760000,"mid",997723162.757427
"411",1993,"KENTUCKY","CORN, GRAIN - PRODUCTION, MEASURED IN $",327350000,"mid",579332831.929622
"412",1993,"MINNESOTA","CORN, GRAIN - PRODUCTION, MEASURED IN $",727720000,"north",1287893961.97289
"413",1993,"MISSOURI","CORN, GRAIN - PRODUCTION, MEASURED IN $",429570000,"mid",760238291.162388
"414",1993,"NEBRASKA","CORN, GRAIN - PRODUCTION, MEASURED IN $",1978704000,"mid",3501842651.20046
"415",1993,"NORTH DAKOTA","CORN, GRAIN - PRODUCTION, MEASURED IN $",37285000,"north",65985717.5454283
"416",1993,"OKLAHOMA","CORN, GRAIN - PRODUCTION, MEASURED IN $",44153000,"south",78140469.0031728
"417",1993,"SOUTH DAKOTA","CORN, GRAIN - PRODUCTION, MEASURED IN $",364676000,"north",645391109.872512
"418",1993,"TENNESSEE","CORN, GRAIN - PRODUCTION, MEASURED IN $",117810000,"south",208496107.926161
"419",1993,"TEXAS","CORN, GRAIN - PRODUCTION, MEASURED IN $",555278000,"south",982712009.311797
"420",1993,"WISCONSIN","CORN, GRAIN - PRODUCTION, MEASURED IN $",531852000,"north",941253475.874243
"421",1992,"ARKANSAS","CORN, GRAIN - PRODUCTION, MEASURED IN $",28282000,"south",51529894.7012709
"422",1992,"ILLINOIS","CORN, GRAIN - PRODUCTION, MEASURED IN $",3474010000,"mid",6329657361.26024
"423",1992,"INDIANA","CORN, GRAIN - PRODUCTION, MEASURED IN $",1834163000,"mid",3341850868.21891
"424",1992,"IOWA","CORN, GRAIN - PRODUCTION, MEASURED IN $",3807300000,"mid",6936912810.13184
"425",1992,"KANSAS","CORN, GRAIN - PRODUCTION, MEASURED IN $",557925000,"mid",1016541139.28317
"426",1992,"KENTUCKY","CORN, GRAIN - PRODUCTION, MEASURED IN $",382668000,"mid",697222323.228412
"427",1992,"MINNESOTA","CORN, GRAIN - PRODUCTION, MEASURED IN $",1415310000,"north",2578699358.94405
"428",1992,"MISSOURI","CORN, GRAIN - PRODUCTION, MEASURED IN $",683640000,"mid",1245594272.45516
"429",1992,"NEBRASKA","CORN, GRAIN - PRODUCTION, MEASURED IN $",2228985000,"mid",4061217818.42558
"430",1992,"NORTH DAKOTA","CORN, GRAIN - PRODUCTION, MEASURED IN $",67599000,"north",123165594.792137
"431",1992,"OKLAHOMA","CORN, GRAIN - PRODUCTION, MEASURED IN $",41006000,"south",74713063.5075424
"432",1992,"SOUTH DAKOTA","CORN, GRAIN - PRODUCTION, MEASURED IN $",510048000,"north",929309091.740111
"433",1992,"TENNESSEE","CORN, GRAIN - PRODUCTION, MEASURED IN $",166656000,"south",303647766.471077
"434",1992,"TEXAS","CORN, GRAIN - PRODUCTION, MEASURED IN $",488025000,"south",889183115.111652
"435",1992,"WISCONSIN","CORN, GRAIN - PRODUCTION, MEASURED IN $",650416000,"north",1185060037.90474
"436",1991,"ARKANSAS","CORN, GRAIN - PRODUCTION, MEASURED IN $",20640000,"south",38745168.549226
"437",1991,"ILLINOIS","CORN, GRAIN - PRODUCTION, MEASURED IN $",2895420000,"mid",5435248833.37209
"438",1991,"INDIANA","CORN, GRAIN - PRODUCTION, MEASURED IN $",1250970000,"mid",2348306371.12525
"439",1991,"IOWA","CORN, GRAIN - PRODUCTION, MEASURED IN $",3283020000,"mid",6162847056.7093
"440",1991,"KANSAS","CORN, GRAIN - PRODUCTION, MEASURED IN $",499125000,"mid",936951659.50254
"441",1991,"KENTUCKY","CORN, GRAIN - PRODUCTION, MEASURED IN $",287025000,"mid",538800000.137674
"442",1991,"MINNESOTA","CORN, GRAIN - PRODUCTION, MEASURED IN $",1598400000,"north",3000497936.48657
"443",1991,"MISSOURI","CORN, GRAIN - PRODUCTION, MEASURED IN $",522830000,"mid",981450410.49379
"444",1991,"NEBRASKA","CORN, GRAIN - PRODUCTION, MEASURED IN $",2318004000,"mid",4351330216.94671
"445",1991,"NORTH DAKOTA","CORN, GRAIN - PRODUCTION, MEASURED IN $",112347000,"north",210896485.029064
"446",1991,"OKLAHOMA","CORN, GRAIN - PRODUCTION, MEASURED IN $",27859000,"south",52296591.5994615
"447",1991,"SOUTH DAKOTA","CORN, GRAIN - PRODUCTION, MEASURED IN $",519480000,"north",975161829.358135
"448",1991,"TENNESSEE","CORN, GRAIN - PRODUCTION, MEASURED IN $",109650000,"south",205833707.917763
"449",1991,"TEXAS","CORN, GRAIN - PRODUCTION, MEASURED IN $",442200000,"south",830092709.906382
"450",1991,"WISCONSIN","CORN, GRAIN - PRODUCTION, MEASURED IN $",875840000,"north",1644116687.11987
"451",1990,"ARKANSAS","CORN, GRAIN - PRODUCTION, MEASURED IN $",18170000,"south",35552996.4474775
"452",1990,"ILLINOIS","CORN, GRAIN - PRODUCTION, MEASURED IN $",3117088000,"mid",6099164479.38772
"453",1990,"INDIANA","CORN, GRAIN - PRODUCTION, MEASURED IN $",1624046000,"mid",3177749128.70336
"454",1990,"IOWA","CORN, GRAIN - PRODUCTION, MEASURED IN $",3452904000,"mid",6756251163.75789
"455",1990,"KANSAS","CORN, GRAIN - PRODUCTION, MEASURED IN $",424125000,"mid",829879725.82754
"456",1990,"KENTUCKY","CORN, GRAIN - PRODUCTION, MEASURED IN $",297600000,"mid",582309947.318069
"457",1990,"MINNESOTA","CORN, GRAIN - PRODUCTION, MEASURED IN $",1654842000,"north",3238007250.80554
"458",1990,"MISSOURI","CORN, GRAIN - PRODUCTION, MEASURED IN $",489804000,"mid",958392948.374258
"459",1990,"NEBRASKA","CORN, GRAIN - PRODUCTION, MEASURED IN $",2130432000,"mid",4168587855.12341
"460",1990,"NORTH DAKOTA","CORN, GRAIN - PRODUCTION, MEASURED IN $",79120000,"north",154813047.821927
"461",1990,"OKLAHOMA","CORN, GRAIN - PRODUCTION, MEASURED IN $",23274000,"south",45539925.1138465
"462",1990,"SOUTH DAKOTA","CORN, GRAIN - PRODUCTION, MEASURED IN $",486720000,"north",952358526.742777
"463",1990,"TENNESSEE","CORN, GRAIN - PRODUCTION, MEASURED IN $",106580000,"south",208543663.256585
"464",1990,"TEXAS","CORN, GRAIN - PRODUCTION, MEASURED IN $",327555000,"south",640922495.946808
"465",1990,"WISCONSIN","CORN, GRAIN - PRODUCTION, MEASURED IN $",771720000,"north",1510014222.25907
"466",1989,"ARKANSAS","CORN, GRAIN - PRODUCTION, MEASURED IN $",16629000,"south",34294115.4752622
"467",1989,"ILLINOIS","CORN, GRAIN - PRODUCTION, MEASURED IN $",3173400000,"mid",6544527394.86421
"468",1989,"INDIANA","CORN, GRAIN - PRODUCTION, MEASURED IN $",1708252000,"mid",3522941328.33289
"469",1989,"IOWA","CORN, GRAIN - PRODUCTION, MEASURED IN $",3310195000,"mid",6826640782.70704
"470",1989,"KANSAS","CORN, GRAIN - PRODUCTION, MEASURED IN $",353400000,"mid",728819556.735682
"471",1989,"KENTUCKY","CORN, GRAIN - PRODUCTION, MEASURED IN $",347675000,"mid",717012844.901183
"472",1989,"MINNESOTA","CORN, GRAIN - PRODUCTION, MEASURED IN $",1.589e+09,"north",3277007005.24334
"473",1989,"MISSOURI","CORN, GRAIN - PRODUCTION, MEASURED IN $",523219000,"mid",1079038595.51694
"474",1989,"NEBRASKA","CORN, GRAIN - PRODUCTION, MEASURED IN $",1948100000,"mid",4017581716.11992
"475",1989,"NORTH DAKOTA","CORN, GRAIN - PRODUCTION, MEASURED IN $",78120000,"north",161107480.962624
"476",1989,"OKLAHOMA","CORN, GRAIN - PRODUCTION, MEASURED IN $",22464000,"south",46327681.1616026
"477",1989,"SOUTH DAKOTA","CORN, GRAIN - PRODUCTION, MEASURED IN $",408312000,"north",842064999.575155
"478",1989,"TENNESSEE","CORN, GRAIN - PRODUCTION, MEASURED IN $",141775000,"south",292383680.40804
"479",1989,"TEXAS","CORN, GRAIN - PRODUCTION, MEASURED IN $",390292000,"south",804902214.027964
"480",1989,"WISCONSIN","CORN, GRAIN - PRODUCTION, MEASURED IN $",717948000,"north",1480629720.20167
"481",1988,"ARKANSAS","CORN, GRAIN - PRODUCTION, MEASURED IN $",13860000,"south",29963315.8621662
"482",1988,"ILLINOIS","CORN, GRAIN - PRODUCTION, MEASURED IN $",1815072000,"mid",3923923206.9678
"483",1988,"INDIANA","CORN, GRAIN - PRODUCTION, MEASURED IN $",1099750000,"mid",2377500477.59143
"484",1988,"IOWA","CORN, GRAIN - PRODUCTION, MEASURED IN $",2202060000,"mid",4760535305.01022
"485",1988,"KANSAS","CORN, GRAIN - PRODUCTION, MEASURED IN $",373750000,"mid",807993456.23987
"486",1988,"KENTUCKY","CORN, GRAIN - PRODUCTION, MEASURED IN $",221628000,"mid",479127688.881686
"487",1988,"MINNESOTA","CORN, GRAIN - PRODUCTION, MEASURED IN $",834720000,"north",1804543940.58206
"488",1988,"MISSOURI","CORN, GRAIN - PRODUCTION, MEASURED IN $",403758000,"mid",872866413.122402
"489",1988,"NEBRASKA","CORN, GRAIN - PRODUCTION, MEASURED IN $",2029632000,"mid",4387770901.87302
"490",1988,"NORTH DAKOTA","CORN, GRAIN - PRODUCTION, MEASURED IN $",52896000,"north",114353503.30773
"491",1988,"OKLAHOMA","CORN, GRAIN - PRODUCTION, MEASURED IN $",18468000,"south",39925145.5514058
"492",1988,"SOUTH DAKOTA","CORN, GRAIN - PRODUCTION, MEASURED IN $",314160000,"north",679168492.875766
"493",1988,"TENNESSEE","CORN, GRAIN - PRODUCTION, MEASURED IN $",106398000,"south",230017090.988655
"494",1988,"TEXAS","CORN, GRAIN - PRODUCTION, MEASURED IN $",351216000,"south",759278206.626735
"495",1988,"WISCONSIN","CORN, GRAIN - PRODUCTION, MEASURED IN $",333158000,"north",720239421.789867
"496",1987,"ARKANSAS","CORN, GRAIN - PRODUCTION, MEASURED IN $",12932000,"south",29097132.7818115
"497",1987,"ILLINOIS","CORN, GRAIN - PRODUCTION, MEASURED IN $",2380224000,"mid",5355528439.41034
"498",1987,"INDIANA","CORN, GRAIN - PRODUCTION, MEASURED IN $",1370304000,"mid",3083198069.86139
"499",1987,"IOWA","CORN, GRAIN - PRODUCTION, MEASURED IN $",2493855000,"mid",5611199356.13861
"500",1987,"KANSAS","CORN, GRAIN - PRODUCTION, MEASURED IN $",271584000,"mid",611066788.541254
"501",1987,"KENTUCKY","CORN, GRAIN - PRODUCTION, MEASURED IN $",239491000,"mid",538857209.020169
"502",1987,"MINNESOTA","CORN, GRAIN - PRODUCTION, MEASURED IN $",1207008000,"north",2715780393.18812
"503",1987,"MISSOURI","CORN, GRAIN - PRODUCTION, MEASURED IN $",442169000,"mid",994884790.055739
"504",1987,"NEBRASKA","CORN, GRAIN - PRODUCTION, MEASURED IN $",1591912000,"mid",3581818345.26439
"505",1987,"NORTH DAKOTA","CORN, GRAIN - PRODUCTION, MEASURED IN $",88815000,"north",199834661.925193
"506",1987,"OKLAHOMA","CORN, GRAIN - PRODUCTION, MEASURED IN $",15536000,"south",34956159.5188852
"507",1987,"SOUTH DAKOTA","CORN, GRAIN - PRODUCTION, MEASURED IN $",422304000,"north",950188336.088009
"508",1987,"TENNESSEE","CORN, GRAIN - PRODUCTION, MEASURED IN $",102921000,"south",231573306.761276
"509",1987,"TEXAS","CORN, GRAIN - PRODUCTION, MEASURED IN $",290238000,"south",653038480.074807
"510",1987,"WISCONSIN","CORN, GRAIN - PRODUCTION, MEASURED IN $",664104000,"north",1494240818.81628
"511",1986,"ARKANSAS","CORN, GRAIN - PRODUCTION, MEASURED IN $",14586000,"south",34021309.9323348
"512",1986,"ILLINOIS","CORN, GRAIN - PRODUCTION, MEASURED IN $",2162160000,"mid",5043158884.08728
"513",1986,"INDIANA","CORN, GRAIN - PRODUCTION, MEASURED IN $",1063962000,"mid",2481652334.9943
"514",1986,"IOWA","CORN, GRAIN - PRODUCTION, MEASURED IN $",2293718000,"mid",5350013093.06014
"515",1986,"KANSAS","CORN, GRAIN - PRODUCTION, MEASURED IN $",290496000,"mid",677571263.54748
"516",1986,"KENTUCKY","CORN, GRAIN - PRODUCTION, MEASURED IN $",236330000,"mid",551231055.553866
"517",1986,"MINNESOTA","CORN, GRAIN - PRODUCTION, MEASURED IN $",997472000,"north",2326566849.08994
"518",1986,"MISSOURI","CORN, GRAIN - PRODUCTION, MEASURED IN $",407044000,"mid",949415198.141869
"519",1986,"NEBRASKA","CORN, GRAIN - PRODUCTION, MEASURED IN $",1361920000,"mid",3176628439.80841
"520",1986,"NORTH DAKOTA","CORN, GRAIN - PRODUCTION, MEASURED IN $",69992000,"north",163253772.438227
"521",1986,"OKLAHOMA","CORN, GRAIN - PRODUCTION, MEASURED IN $",9824000,"south",22914119.6198586
"522",1986,"SOUTH DAKOTA","CORN, GRAIN - PRODUCTION, MEASURED IN $",314552000,"north",733681001.085684
"523",1986,"TENNESSEE","CORN, GRAIN - PRODUCTION, MEASURED IN $",94017000,"south",219291203.613624
"524",1986,"TEXAS","CORN, GRAIN - PRODUCTION, MEASURED IN $",278555000,"south",649719319.0869
"525",1986,"WISCONSIN","CORN, GRAIN - PRODUCTION, MEASURED IN $",534068000,"north",1245694018.43838
"526",1985,"ARKANSAS","CORN, GRAIN - PRODUCTION, MEASURED IN $",18922000,"south",44972571.7833901
"527",1985,"ILLINOIS","CORN, GRAIN - PRODUCTION, MEASURED IN $",3484337000,"mid",8281344247.43802
"528",1985,"INDIANA","CORN, GRAIN - PRODUCTION, MEASURED IN $",1664190000,"mid",3955337926.02262
"529",1985,"IOWA","CORN, GRAIN - PRODUCTION, MEASURED IN $",3448746000,"mid",8196753886.8872
"530",1985,"KANSAS","CORN, GRAIN - PRODUCTION, MEASURED IN $",360477000,"mid",856758152.349706
"531",1985,"KENTUCKY","CORN, GRAIN - PRODUCTION, MEASURED IN $",377114000,"mid",896299885.610474
"532",1985,"MINNESOTA","CORN, GRAIN - PRODUCTION, MEASURED IN $",1485225000,"north",3529985621.33948
"533",1985,"MISSOURI","CORN, GRAIN - PRODUCTION, MEASURED IN $",583792000,"mid",1387518635.79795
"534",1985,"NEBRASKA","CORN, GRAIN - PRODUCTION, MEASURED IN $",2116992000,"mid",5031528098.76666
"535",1985,"NORTH DAKOTA","CORN, GRAIN - PRODUCTION, MEASURED IN $",87494000,"north",207950015.62287
"536",1985,"OKLAHOMA","CORN, GRAIN - PRODUCTION, MEASURED IN $",15741000,"south",37412179.0742175
"537",1985,"SOUTH DAKOTA","CORN, GRAIN - PRODUCTION, MEASURED IN $",521640000,"north",1239799827.98265
"538",1985,"TENNESSEE","CORN, GRAIN - PRODUCTION, MEASURED IN $",182574000,"south",433929939.793926
"539",1985,"TEXAS","CORN, GRAIN - PRODUCTION, MEASURED IN $",389561000,"south",925883100.967617
"540",1985,"WISCONSIN","CORN, GRAIN - PRODUCTION, MEASURED IN $",785006000,"north",1865750908.22281
"541",1984,"ARKANSAS","CORN, GRAIN - PRODUCTION, MEASURED IN $",13406000,"south",32992234.8259265
"542",1984,"ILLINOIS","CORN, GRAIN - PRODUCTION, MEASURED IN $",3317446000,"mid",8164251637.64961
"543",1984,"INDIANA","CORN, GRAIN - PRODUCTION, MEASURED IN $",1834326000,"mid",4514285703.36435
"544",1984,"IOWA","CORN, GRAIN - PRODUCTION, MEASURED IN $",3626448000,"mid",8924707146.05487
"545",1984,"KANSAS","CORN, GRAIN - PRODUCTION, MEASURED IN $",330669000,"mid",813778106.642869
"546",1984,"KENTUCKY","CORN, GRAIN - PRODUCTION, MEASURED IN $",411720000,"mid",1013245033.75582
"547",1984,"MINNESOTA","CORN, GRAIN - PRODUCTION, MEASURED IN $",1702028000,"north",4188699646.15113
"548",1984,"MISSOURI","CORN, GRAIN - PRODUCTION, MEASURED IN $",415336000,"mid",1022144028.32023
"549",1984,"NEBRASKA","CORN, GRAIN - PRODUCTION, MEASURED IN $",2079996000,"mid",5118880834.62538
"550",1984,"NORTH DAKOTA","CORN, GRAIN - PRODUCTION, MEASURED IN $",106861000,"north",262985469.620568
"551",1984,"OKLAHOMA","CORN, GRAIN - PRODUCTION, MEASURED IN $",16275000,"south",40052858.5552703
"552",1984,"SOUTH DAKOTA","CORN, GRAIN - PRODUCTION, MEASURED IN $",456337000,"north",1123047699.8179
"553",1984,"TENNESSEE","CORN, GRAIN - PRODUCTION, MEASURED IN $",190095000,"south",467824770.940959
"554",1984,"TEXAS","CORN, GRAIN - PRODUCTION, MEASURED IN $",436775000,"south",1074905517.38729
"555",1984,"WISCONSIN","CORN, GRAIN - PRODUCTION, MEASURED IN $",888810000,"north",2187365973.11888
"556",1983,"ARKANSAS","CORN, GRAIN - PRODUCTION, MEASURED IN $",9108000,"south",23378792.6807229
"557",1983,"ILLINOIS","CORN, GRAIN - PRODUCTION, MEASURED IN $",2034566000,"mid",5222408510.01841
"558",1983,"INDIANA","CORN, GRAIN - PRODUCTION, MEASURED IN $",1125003000,"mid",2887704424.92219
"559",1983,"IOWA","CORN, GRAIN - PRODUCTION, MEASURED IN $",2320812000,"mid",5957156631.41566
"560",1983,"KANSAS","CORN, GRAIN - PRODUCTION, MEASURED IN $",278070000,"mid",713761625.0251
"561",1983,"KENTUCKY","CORN, GRAIN - PRODUCTION, MEASURED IN $",163123000,"mid",418710891.354585
"562",1983,"MINNESOTA","CORN, GRAIN - PRODUCTION, MEASURED IN $",1123265000,"north",2883243254.33819
"563",1983,"MISSOURI","CORN, GRAIN - PRODUCTION, MEASURED IN $",247962000,"mid",636479160.155623
"564",1983,"NEBRASKA","CORN, GRAIN - PRODUCTION, MEASURED IN $",1472509000,"mid",3779697258.61864
"565",1983,"NORTH DAKOTA","CORN, GRAIN - PRODUCTION, MEASURED IN $",88309000,"north",226675208.919846
"566",1983,"OKLAHOMA","CORN, GRAIN - PRODUCTION, MEASURED IN $",14918000,"south",38292141.9862785
"567",1983,"SOUTH DAKOTA","CORN, GRAIN - PRODUCTION, MEASURED IN $",318451000,"north",817413252.961011
"568",1983,"TENNESSEE","CORN, GRAIN - PRODUCTION, MEASURED IN $",84096000,"south",215861105.542169
"569",1983,"TEXAS","CORN, GRAIN - PRODUCTION, MEASURED IN $",355136000,"south",911577834.5917
"570",1983,"WISCONSIN","CORN, GRAIN - PRODUCTION, MEASURED IN $",702765000,"north",1803886389.79669
"571",1982,"ARKANSAS","CORN, GRAIN - PRODUCTION, MEASURED IN $",7047000,"south",18669614.6658031
"572",1982,"ILLINOIS","CORN, GRAIN - PRODUCTION, MEASURED IN $",3911450000,"mid",10362603133.8946
"573",1982,"INDIANA","CORN, GRAIN - PRODUCTION, MEASURED IN $",1903948000,"mid",5044128778.7323
"574",1982,"IOWA","CORN, GRAIN - PRODUCTION, MEASURED IN $",4244820000,"mid",11245800159.7409
"575",1982,"KANSAS","CORN, GRAIN - PRODUCTION, MEASURED IN $",376907000,"mid",998539584.9076
"576",1982,"KENTUCKY","CORN, GRAIN - PRODUCTION, MEASURED IN $",391349000,"mid",1036800770.519
"577",1982,"MINNESOTA","CORN, GRAIN - PRODUCTION, MEASURED IN $",1887665000,"north",5000990232.45682
"578",1982,"MISSOURI","CORN, GRAIN - PRODUCTION, MEASURED IN $",537219000,"mid",1423254111.13212
"579",1982,"NEBRASKA","CORN, GRAIN - PRODUCTION, MEASURED IN $",2109360000,"mid",5588326719.37824
"580",1982,"NORTH DAKOTA","CORN, GRAIN - PRODUCTION, MEASURED IN $",87693000,"north",232325034.608808
"581",1982,"OKLAHOMA","CORN, GRAIN - PRODUCTION, MEASURED IN $",13275000,"south",35169452.9145078
"582",1982,"SOUTH DAKOTA","CORN, GRAIN - PRODUCTION, MEASURED IN $",468706000,"north",1241742643.8981
"583",1982,"TENNESSEE","CORN, GRAIN - PRODUCTION, MEASURED IN $",150255000,"south",398070519.598446
"584",1982,"TEXAS","CORN, GRAIN - PRODUCTION, MEASURED IN $",367479000,"south",973561987.764249
"585",1982,"WISCONSIN","CORN, GRAIN - PRODUCTION, MEASURED IN $",973242000,"north",2578409694.41969
"586",1981,"ARKANSAS","CORN, GRAIN - PRODUCTION, MEASURED IN $",8982000,"south",25255044.4487215
"587",1981,"ILLINOIS","CORN, GRAIN - PRODUCTION, MEASURED IN $",3608590000,"mid",10146415146.6502
"588",1981,"INDIANA","CORN, GRAIN - PRODUCTION, MEASURED IN $",1600560000,"mid",4500357820.40143
"589",1981,"IOWA","CORN, GRAIN - PRODUCTION, MEASURED IN $",4172313000,"mid",11731457389.1092
"590",1981,"KANSAS","CORN, GRAIN - PRODUCTION, MEASURED IN $",381969000,"mid",1073997336.12043
"591",1981,"KENTUCKY","CORN, GRAIN - PRODUCTION, MEASURED IN $",375271000,"mid",1055164304.75575
"592",1981,"MINNESOTA","CORN, GRAIN - PRODUCTION, MEASURED IN $",1735151000,"north",4878792655.33773
"593",1981,"MISSOURI","CORN, GRAIN - PRODUCTION, MEASURED IN $",514798000,"mid",1447477886.00678
"594",1981,"NEBRASKA","CORN, GRAIN - PRODUCTION, MEASURED IN $",1985912000,"mid",5583867271.34818
"595",1981,"NORTH DAKOTA","CORN, GRAIN - PRODUCTION, MEASURED IN $",99312000,"north",279239476.095683
"596",1981,"OKLAHOMA","CORN, GRAIN - PRODUCTION, MEASURED IN $",13455000,"south",37831955.3615617
"597",1981,"SOUTH DAKOTA","CORN, GRAIN - PRODUCTION, MEASURED IN $",415380000,"north",1167940365.52103
"598",1981,"TENNESSEE","CORN, GRAIN - PRODUCTION, MEASURED IN $",145152000,"south",408129616.101182
"599",1981,"TEXAS","CORN, GRAIN - PRODUCTION, MEASURED IN $",367286000,"south",1032712564.61736
"600",1981,"WISCONSIN","CORN, GRAIN - PRODUCTION, MEASURED IN $",903420000,"north",2540181725.21309
"601",1980,"ARKANSAS","CORN, GRAIN - PRODUCTION, MEASURED IN $",3605000,"south",11183880.9232481
"602",1980,"ILLINOIS","CORN, GRAIN - PRODUCTION, MEASURED IN $",3340709000,"mid",10363964398.1201
"603",1980,"INDIANA","CORN, GRAIN - PRODUCTION, MEASURED IN $",1905101000,"mid",5910242088.97664
"604",1980,"IOWA","CORN, GRAIN - PRODUCTION, MEASURED IN $",4345110000,"mid",13479942534.9277
"605",1980,"KANSAS","CORN, GRAIN - PRODUCTION, MEASURED IN $",368254000,"mid",1142443518.86541
"606",1980,"KENTUCKY","CORN, GRAIN - PRODUCTION, MEASURED IN $",347060000,"mid",1076692846.94105
"607",1980,"MINNESOTA","CORN, GRAIN - PRODUCTION, MEASURED IN $",1738871000,"north",5394542636.5851
"608",1980,"MISSOURI","CORN, GRAIN - PRODUCTION, MEASURED IN $",357655000,"mid",1109561978.25362
"609",1980,"NEBRASKA","CORN, GRAIN - PRODUCTION, MEASURED IN $",1834640000,"mid",5691649180.86763
"610",1980,"NORTH DAKOTA","CORN, GRAIN - PRODUCTION, MEASURED IN $",48273000,"north",149758525.328142
"611",1980,"OKLAHOMA","CORN, GRAIN - PRODUCTION, MEASURED IN $",18638000,"south",57821129.7219133
"612",1980,"SOUTH DAKOTA","CORN, GRAIN - PRODUCTION, MEASURED IN $",346196000,"north",1074012438.30923
"613",1980,"TENNESSEE","CORN, GRAIN - PRODUCTION, MEASURED IN $",102746000,"south",318751464.449388
"614",1980,"TEXAS","CORN, GRAIN - PRODUCTION, MEASURED IN $",402480000,"south",1248623687.65295
"615",1980,"WISCONSIN","CORN, GRAIN - PRODUCTION, MEASURED IN $",1031264000,"north",3199315888.05339
"616",1979,"ARKANSAS","CORN, GRAIN - PRODUCTION, MEASURED IN $",5481000,"south",19307727.1891147
"617",1979,"ILLINOIS","CORN, GRAIN - PRODUCTION, MEASURED IN $",3606610000,"mid",12704879028.9241
"618",1979,"INDIANA","CORN, GRAIN - PRODUCTION, MEASURED IN $",1722168000,"mid",6066621039.55908
"619",1979,"IOWA","CORN, GRAIN - PRODUCTION, MEASURED IN $",4026154000,"mid",14182792018.4935
"620",1979,"KANSAS","CORN, GRAIN - PRODUCTION, MEASURED IN $",431695000,"mid",1520716892.70295
"621",1979,"KENTUCKY","CORN, GRAIN - PRODUCTION, MEASURED IN $",360672000,"mid",1270526652.20806
"622",1979,"MINNESOTA","CORN, GRAIN - PRODUCTION, MEASURED IN $",1369560000,"north",4824501158.38788
"623",1979,"MISSOURI","CORN, GRAIN - PRODUCTION, MEASURED IN $",583176000,"mid",2054333718.52566
"624",1979,"NEBRASKA","CORN, GRAIN - PRODUCTION, MEASURED IN $",1989845000,"mid",7009557454.59295
"625",1979,"NORTH DAKOTA","CORN, GRAIN - PRODUCTION, MEASURED IN $",50668000,"north",178486393.216213
"626",1979,"OKLAHOMA","CORN, GRAIN - PRODUCTION, MEASURED IN $",22275000,"south",78467364.192215
"627",1979,"SOUTH DAKOTA","CORN, GRAIN - PRODUCTION, MEASURED IN $",436563000,"north",1537865226.21082
"628",1979,"TENNESSEE","CORN, GRAIN - PRODUCTION, MEASURED IN $",150195000,"south",529086678.556666
"629",1979,"TEXAS","CORN, GRAIN - PRODUCTION, MEASURED IN $",373086000,"south",1314257016.25215
"630",1979,"WISCONSIN","CORN, GRAIN - PRODUCTION, MEASURED IN $",770893000,"north",2715597835.43116
"631",1978,"ARKANSAS","CORN, GRAIN - PRODUCTION, MEASURED IN $",4320000,"south",16930608.6867655
"632",1978,"ILLINOIS","CORN, GRAIN - PRODUCTION, MEASURED IN $",2851701000,"mid",11176165213.5782
"633",1978,"INDIANA","CORN, GRAIN - PRODUCTION, MEASURED IN $",1493208000,"mid",5852064892.58048
"634",1978,"IOWA","CORN, GRAIN - PRODUCTION, MEASURED IN $",3206718000,"mid",12567520283.9831
"635",1978,"KANSAS","CORN, GRAIN - PRODUCTION, MEASURED IN $",359550000,"mid",1409120452.15892
"636",1978,"KENTUCKY","CORN, GRAIN - PRODUCTION, MEASURED IN $",287640000,"mid",1127296361.72713
"637",1978,"MINNESOTA","CORN, GRAIN - PRODUCTION, MEASURED IN $",1339021000,"north",5247787169.99106
"638",1978,"MISSOURI","CORN, GRAIN - PRODUCTION, MEASURED IN $",452226000,"mid",1772329037.95861
"639",1978,"NEBRASKA","CORN, GRAIN - PRODUCTION, MEASURED IN $",1693305000,"mid",6636269523.6906
"640",1978,"NORTH DAKOTA","CORN, GRAIN - PRODUCTION, MEASURED IN $",48822000,"north",191339392.894737
"641",1978,"OKLAHOMA","CORN, GRAIN - PRODUCTION, MEASURED IN $",10478000,"south",41064564.3101686
"642",1978,"SOUTH DAKOTA","CORN, GRAIN - PRODUCTION, MEASURED IN $",339121000,"north",1329056701.03347
"643",1978,"TENNESSEE","CORN, GRAIN - PRODUCTION, MEASURED IN $",109296000,"south",428344399.775166
"644",1978,"TEXAS","CORN, GRAIN - PRODUCTION, MEASURED IN $",352800000,"south",1382666376.08585
"645",1978,"WISCONSIN","CORN, GRAIN - PRODUCTION, MEASURED IN $",629160000,"north",2465755037.35309
"646",1977,"ARKANSAS","CORN, GRAIN - PRODUCTION, MEASURED IN $",4900000,"south",20669127.0452358
"647",1977,"ILLINOIS","CORN, GRAIN - PRODUCTION, MEASURED IN $",2475396000,"mid",10441688655.3609
"648",1977,"INDIANA","CORN, GRAIN - PRODUCTION, MEASURED IN $",1247837000,"mid",5263612547.90733
"649",1977,"IOWA","CORN, GRAIN - PRODUCTION, MEASURED IN $",2173478000,"mid",9168141410.61735
"650",1977,"KANSAS","CORN, GRAIN - PRODUCTION, MEASURED IN $",320947000,"mid",1353815166.89537
"651",1977,"KENTUCKY","CORN, GRAIN - PRODUCTION, MEASURED IN $",289737000,"mid",1222165482.18479
"652",1977,"MINNESOTA","CORN, GRAIN - PRODUCTION, MEASURED IN $",1.14e+09,"north",4808735679.912
"653",1977,"MISSOURI","CORN, GRAIN - PRODUCTION, MEASURED IN $",412870000,"mid",1741563772.0748
"654",1977,"NEBRASKA","CORN, GRAIN - PRODUCTION, MEASURED IN $",1277447000,"mid",5388513129.90925
"655",1977,"NORTH DAKOTA","CORN, GRAIN - PRODUCTION, MEASURED IN $",37391000,"north",157722312.111921
"656",1977,"OKLAHOMA","CORN, GRAIN - PRODUCTION, MEASURED IN $",16749000,"south",70650450.7919703
"657",1977,"SOUTH DAKOTA","CORN, GRAIN - PRODUCTION, MEASURED IN $",232136000,"north",979193566.484257
"658",1977,"TENNESSEE","CORN, GRAIN - PRODUCTION, MEASURED IN $",104244000,"south",439720914.225217
"659",1977,"TEXAS","CORN, GRAIN - PRODUCTION, MEASURED IN $",349272000,"south",1473295375.78441
"660",1977,"WISCONSIN","CORN, GRAIN - PRODUCTION, MEASURED IN $",637572000,"north",2689399320.099
"661",1976,"ARKANSAS","CORN, GRAIN - PRODUCTION, MEASURED IN $",6300000,"south",28302387.9045248
"662",1976,"ILLINOIS","CORN, GRAIN - PRODUCTION, MEASURED IN $",2653878000,"mid",11922394382.1087
"663",1976,"INDIANA","CORN, GRAIN - PRODUCTION, MEASURED IN $",1455300000,"mid",6537851605.94524
"664",1976,"IOWA","CORN, GRAIN - PRODUCTION, MEASURED IN $",2406495000,"mid",10811040473.0634
"665",1976,"KANSAS","CORN, GRAIN - PRODUCTION, MEASURED IN $",364301000,"mid",1636601304.12798
"666",1976,"KENTUCKY","CORN, GRAIN - PRODUCTION, MEASURED IN $",307958000,"mid",1383483614.96852
"667",1976,"MINNESOTA","CORN, GRAIN - PRODUCTION, MEASURED IN $",670712000,"north",3013135110.51106
"668",1976,"MISSOURI","CORN, GRAIN - PRODUCTION, MEASURED IN $",394640000,"mid",1772897517.87963
"669",1976,"NEBRASKA","CORN, GRAIN - PRODUCTION, MEASURED IN $",1068110000,"mid",4798422784.87334
"670",1976,"NORTH DAKOTA","CORN, GRAIN - PRODUCTION, MEASURED IN $",17870000,"north",80279947.9133109
"671",1976,"OKLAHOMA","CORN, GRAIN - PRODUCTION, MEASURED IN $",23060000,"south",103595724.61561
"672",1976,"SOUTH DAKOTA","CORN, GRAIN - PRODUCTION, MEASURED IN $",81096000,"north",364319118.969102
"673",1976,"TENNESSEE","CORN, GRAIN - PRODUCTION, MEASURED IN $",152438000,"south",684818953.553961
"674",1976,"TEXAS","CORN, GRAIN - PRODUCTION, MEASURED IN $",433380000,"south",1946934741.27984
"675",1976,"WISCONSIN","CORN, GRAIN - PRODUCTION, MEASURED IN $",320035000,"north",1437738843.33724
"676",1975,"ARKANSAS","CORN, GRAIN - PRODUCTION, MEASURED IN $",5035000,"south",23918893.0241561
"677",1975,"ILLINOIS","CORN, GRAIN - PRODUCTION, MEASURED IN $",3210138000,"mid",15249840598.7643
"678",1975,"INDIANA","CORN, GRAIN - PRODUCTION, MEASURED IN $",1368315000,"mid",6500214520.02942
"679",1975,"IOWA","CORN, GRAIN - PRODUCTION, MEASURED IN $",2794500000,"mid",13275341917.7764
"680",1975,"KANSAS","CORN, GRAIN - PRODUCTION, MEASURED IN $",352600000,"mid",1675035090.43047
"681",1975,"KENTUCKY","CORN, GRAIN - PRODUCTION, MEASURED IN $",225595000,"mid",1071694671.65531
"682",1975,"MINNESOTA","CORN, GRAIN - PRODUCTION, MEASURED IN $",1018500000,"north",4838409641.52989
"683",1975,"MISSOURI","CORN, GRAIN - PRODUCTION, MEASURED IN $",440559000,"mid",2092886512.7764
"684",1975,"NEBRASKA","CORN, GRAIN - PRODUCTION, MEASURED IN $",1247936000,"mid",5928351079.44255
"685",1975,"NORTH DAKOTA","CORN, GRAIN - PRODUCTION, MEASURED IN $",17993000,"north",85476195.0712295
"686",1975,"OKLAHOMA","CORN, GRAIN - PRODUCTION, MEASURED IN $",19146000,"south",90953550.3158873
"687",1975,"SOUTH DAKOTA","CORN, GRAIN - PRODUCTION, MEASURED IN $",207293000,"north",984750564.380613
"688",1975,"TENNESSEE","CORN, GRAIN - PRODUCTION, MEASURED IN $",100737000,"south",478553629.905544
"689",1975,"TEXAS","CORN, GRAIN - PRODUCTION, MEASURED IN $",315077000,"south",1496781143.47011
"690",1975,"WISCONSIN","CORN, GRAIN - PRODUCTION, MEASURED IN $",511795000,"north",2431294906.7126
