"Program","Year","Period","Week Ending","Geo Level","State","State ANSI","Ag District","Ag District Code","County","County ANSI","Zip Code","Region","watershed_code","Watershed","Commodity","Data Item","Domain","Domain Category","Value","CV (%)"
"CENSUS","2018","YEAR","","STATE","ARKANSAS","05","","","","","","","00000000","","CORN","CORN, GRAIN, IRRIGATED - YIELD, MEASURED IN BU / ACRE","TOTAL","NOT SPECIFIED","184","0.5"
"CENSUS","2018","YEAR","","STATE","MINNESOTA","27","","","","","","","00000000","","CORN","CORN, GRAIN, IRRIGATED - YIELD, MEASURED IN BU / ACRE","TOTAL","NOT SPECIFIED","206","1.6"
"CENSUS","2018","YEAR","","STATE","MONTANA","30","","","","","","","00000000","","CORN","CORN, GRAIN, IRRIGATED - YIELD, MEASURED IN BU / ACRE","TOTAL","NOT SPECIFIED","173","10.8"
"CENSUS","2018","YEAR","","STATE","NORTH DAKOTA","38","","","","","","","00000000","","CORN","CORN, GRAIN, IRRIGATED - YIELD, MEASURED IN BU / ACRE","TOTAL","NOT SPECIFIED","209","4.0"
"CENSUS","2018","YEAR","","STATE","OKLAHOMA","40","","","","","","","00000000","","CORN","CORN, GRAIN, IRRIGATED - YIELD, MEASURED IN BU / ACRE","TOTAL","NOT SPECIFIED","202","1.8"
"CENSUS","2018","YEAR","","STATE","SOUTH DAKOTA","46","","","","","","","00000000","","CORN","CORN, GRAIN, IRRIGATED - YIELD, MEASURED IN BU / ACRE","TOTAL","NOT SPECIFIED","199","1.9"
"CENSUS","2018","YEAR","","STATE","TENNESSEE","47","","","","","","","00000000","","CORN","CORN, GRAIN, IRRIGATED - YIELD, MEASURED IN BU / ACRE","TOTAL","NOT SPECIFIED","222","2.6"
"CENSUS","2018","YEAR","","STATE","TEXAS","48","","","","","","","00000000","","CORN","CORN, GRAIN, IRRIGATED - YIELD, MEASURED IN BU / ACRE","TOTAL","NOT SPECIFIED","206","2.2"
"CENSUS","2018","YEAR","","STATE","WISCONSIN","55","","","","","","","00000000","","CORN","CORN, GRAIN, IRRIGATED - YIELD, MEASURED IN BU / ACRE","TOTAL","NOT SPECIFIED","213","1.5"
"CENSUS","2013","YEAR","","STATE","ARKANSAS","05","","","","","","","00000000","","CORN","CORN, GRAIN, IRRIGATED - YIELD, MEASURED IN BU / ACRE","TOTAL","NOT SPECIFIED","189",""
"CENSUS","2013","YEAR","","STATE","MINNESOTA","27","","","","","","","00000000","","CORN","CORN, GRAIN, IRRIGATED - YIELD, MEASURED IN BU / ACRE","TOTAL","NOT SPECIFIED","181",""
"CENSUS","2013","YEAR","","STATE","MONTANA","30","","","","","","","00000000","","CORN","CORN, GRAIN, IRRIGATED - YIELD, MEASURED IN BU / ACRE","TOTAL","NOT SPECIFIED","156",""
"CENSUS","2013","YEAR","","STATE","NORTH DAKOTA","38","","","","","","","00000000","","CORN","CORN, GRAIN, IRRIGATED - YIELD, MEASURED IN BU / ACRE","TOTAL","NOT SPECIFIED","168",""
"CENSUS","2013","YEAR","","STATE","OKLAHOMA","40","","","","","","","00000000","","CORN","CORN, GRAIN, IRRIGATED - YIELD, MEASURED IN BU / ACRE","TOTAL","NOT SPECIFIED","209",""
"CENSUS","2013","YEAR","","STATE","SOUTH DAKOTA","46","","","","","","","00000000","","CORN","CORN, GRAIN, IRRIGATED - YIELD, MEASURED IN BU / ACRE","TOTAL","NOT SPECIFIED","190",""
"CENSUS","2013","YEAR","","STATE","TENNESSEE","47","","","","","","","00000000","","CORN","CORN, GRAIN, IRRIGATED - YIELD, MEASURED IN BU / ACRE","TOTAL","NOT SPECIFIED","198",""
"CENSUS","2013","YEAR","","STATE","TEXAS","48","","","","","","","00000000","","CORN","CORN, GRAIN, IRRIGATED - YIELD, MEASURED IN BU / ACRE","TOTAL","NOT SPECIFIED","197",""
"CENSUS","2013","YEAR","","STATE","WISCONSIN","55","","","","","","","00000000","","CORN","CORN, GRAIN, IRRIGATED - YIELD, MEASURED IN BU / ACRE","TOTAL","NOT SPECIFIED","185",""
"SURVEY","2018","YEAR","","STATE","TEXAS","48","","","","","","","00000000","","CORN","CORN, GRAIN, IRRIGATED - YIELD, MEASURED IN BU / ACRE","TOTAL","NOT SPECIFIED","160",""
"SURVEY","2018","YEAR","","STATE","TEXAS","48","","","","","","","00000000","","CORN","CORN, GRAIN, NON-IRRIGATED - YIELD, MEASURED IN BU / ACRE","TOTAL","NOT SPECIFIED","69",""
"SURVEY","2017","YEAR","","STATE","TEXAS","48","","","","","","","00000000","","CORN","CORN, GRAIN, IRRIGATED - YIELD, MEASURED IN BU / ACRE","TOTAL","NOT SPECIFIED","192.3",""
"SURVEY","2017","YEAR","","STATE","TEXAS","48","","","","","","","00000000","","CORN","CORN, GRAIN, NON-IRRIGATED - YIELD, MEASURED IN BU / ACRE","TOTAL","NOT SPECIFIED","101.2",""
"SURVEY","2016","YEAR","","STATE","TEXAS","48","","","","","","","00000000","","CORN","CORN, GRAIN, IRRIGATED - YIELD, MEASURED IN BU / ACRE","TOTAL","NOT SPECIFIED","178.2",""
"SURVEY","2016","YEAR","","STATE","TEXAS","48","","","","","","","00000000","","CORN","CORN, GRAIN, NON-IRRIGATED - YIELD, MEASURED IN BU / ACRE","TOTAL","NOT SPECIFIED","81.5",""
"SURVEY","2015","YEAR","","STATE","TEXAS","48","","","","","","","00000000","","CORN","CORN, GRAIN, IRRIGATED - YIELD, MEASURED IN BU / ACRE","TOTAL","NOT SPECIFIED","183.9",""
"SURVEY","2015","YEAR","","STATE","TEXAS","48","","","","","","","00000000","","CORN","CORN, GRAIN, NON-IRRIGATED - YIELD, MEASURED IN BU / ACRE","TOTAL","NOT SPECIFIED","75",""
"SURVEY","2014","YEAR","","STATE","TEXAS","48","","","","","","","00000000","","CORN","CORN, GRAIN, IRRIGATED - YIELD, MEASURED IN BU / ACRE","TOTAL","NOT SPECIFIED","202.1",""
"SURVEY","2014","YEAR","","STATE","TEXAS","48","","","","","","","00000000","","CORN","CORN, GRAIN, NON-IRRIGATED - YIELD, MEASURED IN BU / ACRE","TOTAL","NOT SPECIFIED","99.8",""
"SURVEY","2013","YEAR","","STATE","TEXAS","48","","","","","","","00000000","","CORN","CORN, GRAIN, IRRIGATED - YIELD, MEASURED IN BU / ACRE","TOTAL","NOT SPECIFIED","193.4",""
"SURVEY","2013","YEAR","","STATE","TEXAS","48","","","","","","","00000000","","CORN","CORN, GRAIN, NON-IRRIGATED - YIELD, MEASURED IN BU / ACRE","TOTAL","NOT SPECIFIED","83.4",""
"SURVEY","2012","YEAR","","STATE","TEXAS","48","","","","","","","00000000","","CORN","CORN, GRAIN, IRRIGATED - YIELD, MEASURED IN BU / ACRE","TOTAL","NOT SPECIFIED","173.1",""
"SURVEY","2012","YEAR","","STATE","TEXAS","48","","","","","","","00000000","","CORN","CORN, GRAIN, NON-IRRIGATED - YIELD, MEASURED IN BU / ACRE","TOTAL","NOT SPECIFIED","83.8",""
"SURVEY","2011","YEAR","","STATE","TEXAS","48","","","","","","","00000000","","CORN","CORN, GRAIN, IRRIGATED - YIELD, MEASURED IN BU / ACRE","TOTAL","NOT SPECIFIED","131",""
"SURVEY","2011","YEAR","","STATE","TEXAS","48","","","","","","","00000000","","CORN","CORN, GRAIN, NON-IRRIGATED - YIELD, MEASURED IN BU / ACRE","TOTAL","NOT SPECIFIED","40.8",""
"SURVEY","2010","YEAR","","STATE","TEXAS","48","","","","","","","00000000","","CORN","CORN, GRAIN, IRRIGATED - YIELD, MEASURED IN BU / ACRE","TOTAL","NOT SPECIFIED","200.1",""
"SURVEY","2010","YEAR","","STATE","TEXAS","48","","","","","","","00000000","","CORN","CORN, GRAIN, NON-IRRIGATED - YIELD, MEASURED IN BU / ACRE","TOTAL","NOT SPECIFIED","86.8",""
"SURVEY","2009","YEAR","","STATE","NORTH DAKOTA","38","","","","","","","00000000","","CORN","CORN, GRAIN, IRRIGATED - YIELD, MEASURED IN BU / ACRE","TOTAL","NOT SPECIFIED","121",""
"SURVEY","2009","YEAR","","STATE","NORTH DAKOTA","38","","","","","","","00000000","","CORN","CORN, GRAIN, NON-IRRIGATED - YIELD, MEASURED IN BU / ACRE","TOTAL","NOT SPECIFIED","121",""
"SURVEY","2009","YEAR","","STATE","OKLAHOMA","40","","","","","","","00000000","","CORN","CORN, GRAIN, IRRIGATED - YIELD, MEASURED IN BU / ACRE","TOTAL","NOT SPECIFIED","110",""
"SURVEY","2009","YEAR","","STATE","OKLAHOMA","40","","","","","","","00000000","","CORN","CORN, GRAIN, NON-IRRIGATED - YIELD, MEASURED IN BU / ACRE","TOTAL","NOT SPECIFIED","110",""
"SURVEY","2009","YEAR","","STATE","SOUTH DAKOTA","46","","","","","","","00000000","","CORN","CORN, GRAIN, IRRIGATED - YIELD, MEASURED IN BU / ACRE","TOTAL","NOT SPECIFIED","181",""
"SURVEY","2009","YEAR","","STATE","SOUTH DAKOTA","46","","","","","","","00000000","","CORN","CORN, GRAIN, NON-IRRIGATED - YIELD, MEASURED IN BU / ACRE","TOTAL","NOT SPECIFIED","150",""
"SURVEY","2009","YEAR","","STATE","TEXAS","48","","","","","","","00000000","","CORN","CORN, GRAIN, IRRIGATED - YIELD, MEASURED IN BU / ACRE","TOTAL","NOT SPECIFIED","187.2",""
"SURVEY","2009","YEAR","","STATE","TEXAS","48","","","","","","","00000000","","CORN","CORN, GRAIN, NON-IRRIGATED - YIELD, MEASURED IN BU / ACRE","TOTAL","NOT SPECIFIED","48",""
"SURVEY","2008","YEAR","","STATE","NORTH DAKOTA","38","","","","","","","00000000","","CORN","CORN, GRAIN, IRRIGATED - YIELD, MEASURED IN BU / ACRE","TOTAL","NOT SPECIFIED","153",""
"SURVEY","2008","YEAR","","STATE","NORTH DAKOTA","38","","","","","","","00000000","","CORN","CORN, GRAIN, NON-IRRIGATED - YIELD, MEASURED IN BU / ACRE","TOTAL","NOT SPECIFIED","123",""
"SURVEY","2008","YEAR","","STATE","OKLAHOMA","40","","","","","","","00000000","","CORN","CORN, GRAIN, IRRIGATED - YIELD, MEASURED IN BU / ACRE","TOTAL","NOT SPECIFIED","159",""
"SURVEY","2008","YEAR","","STATE","OKLAHOMA","40","","","","","","","00000000","","CORN","CORN, GRAIN, NON-IRRIGATED - YIELD, MEASURED IN BU / ACRE","TOTAL","NOT SPECIFIED","67",""
"SURVEY","2008","YEAR","","STATE","SOUTH DAKOTA","46","","","","","","","00000000","","CORN","CORN, GRAIN, IRRIGATED - YIELD, MEASURED IN BU / ACRE","TOTAL","NOT SPECIFIED","174",""
"SURVEY","2008","YEAR","","STATE","SOUTH DAKOTA","46","","","","","","","00000000","","CORN","CORN, GRAIN, NON-IRRIGATED - YIELD, MEASURED IN BU / ACRE","TOTAL","NOT SPECIFIED","131",""
"SURVEY","2008","YEAR","","STATE","TEXAS","48","","","","","","","00000000","","CORN","CORN, GRAIN, IRRIGATED - YIELD, MEASURED IN BU / ACRE","TOTAL","NOT SPECIFIED","174",""
"SURVEY","2008","YEAR","","STATE","TEXAS","48","","","","","","","00000000","","CORN","CORN, GRAIN, NON-IRRIGATED - YIELD, MEASURED IN BU / ACRE","TOTAL","NOT SPECIFIED","62",""
"SURVEY","2007","YEAR","","STATE","MONTANA","30","","","","","","","00000000","","CORN","CORN, GRAIN, IRRIGATED - YIELD, MEASURED IN BU / ACRE","TOTAL","NOT SPECIFIED","140",""
"SURVEY","2007","YEAR","","STATE","NORTH DAKOTA","38","","","","","","","00000000","","CORN","CORN, GRAIN, IRRIGATED - YIELD, MEASURED IN BU / ACRE","TOTAL","NOT SPECIFIED","147.6",""
"SURVEY","2007","YEAR","","STATE","NORTH DAKOTA","38","","","","","","","00000000","","CORN","CORN, GRAIN, NON-IRRIGATED - YIELD, MEASURED IN BU / ACRE","TOTAL","NOT SPECIFIED","114.5",""
"SURVEY","2007","YEAR","","STATE","OKLAHOMA","40","","","","","","","00000000","","CORN","CORN, GRAIN, IRRIGATED - YIELD, MEASURED IN BU / ACRE","TOTAL","NOT SPECIFIED","184.6",""
"SURVEY","2007","YEAR","","STATE","OKLAHOMA","40","","","","","","","00000000","","CORN","CORN, GRAIN, NON-IRRIGATED - YIELD, MEASURED IN BU / ACRE","TOTAL","NOT SPECIFIED","102.3",""
"SURVEY","2007","YEAR","","STATE","SOUTH DAKOTA","46","","","","","","","00000000","","CORN","CORN, GRAIN, IRRIGATED - YIELD, MEASURED IN BU / ACRE","TOTAL","NOT SPECIFIED","172.1",""
"SURVEY","2007","YEAR","","STATE","SOUTH DAKOTA","46","","","","","","","00000000","","CORN","CORN, GRAIN, NON-IRRIGATED - YIELD, MEASURED IN BU / ACRE","TOTAL","NOT SPECIFIED","118.6",""
"SURVEY","2007","YEAR","","STATE","TEXAS","48","","","","","","","00000000","","CORN","CORN, GRAIN, IRRIGATED - YIELD, MEASURED IN BU / ACRE","TOTAL","NOT SPECIFIED","199",""
"SURVEY","2007","YEAR","","STATE","TEXAS","48","","","","","","","00000000","","CORN","CORN, GRAIN, NON-IRRIGATED - YIELD, MEASURED IN BU / ACRE","TOTAL","NOT SPECIFIED","101",""
"SURVEY","2006","YEAR","","STATE","MONTANA","30","","","","","","","00000000","","CORN","CORN, GRAIN, IRRIGATED - YIELD, MEASURED IN BU / ACRE","TOTAL","NOT SPECIFIED","146",""
"SURVEY","2006","YEAR","","STATE","NORTH DAKOTA","38","","","","","","","00000000","","CORN","CORN, GRAIN, IRRIGATED - YIELD, MEASURED IN BU / ACRE","TOTAL","NOT SPECIFIED","158.8",""
"SURVEY","2006","YEAR","","STATE","NORTH DAKOTA","38","","","","","","","00000000","","CORN","CORN, GRAIN, NON-IRRIGATED - YIELD, MEASURED IN BU / ACRE","TOTAL","NOT SPECIFIED","108.3",""
"SURVEY","2006","YEAR","","STATE","OKLAHOMA","40","","","","","","","00000000","","CORN","CORN, GRAIN, IRRIGATED - YIELD, MEASURED IN BU / ACRE","TOTAL","NOT SPECIFIED","160",""
"SURVEY","2006","YEAR","","STATE","OKLAHOMA","40","","","","","","","00000000","","CORN","CORN, GRAIN, NON-IRRIGATED - YIELD, MEASURED IN BU / ACRE","TOTAL","NOT SPECIFIED","54.8",""
"SURVEY","2006","YEAR","","STATE","SOUTH DAKOTA","46","","","","","","","00000000","","CORN","CORN, GRAIN, IRRIGATED - YIELD, MEASURED IN BU / ACRE","TOTAL","NOT SPECIFIED","168.7",""
"SURVEY","2006","YEAR","","STATE","SOUTH DAKOTA","46","","","","","","","00000000","","CORN","CORN, GRAIN, NON-IRRIGATED - YIELD, MEASURED IN BU / ACRE","TOTAL","NOT SPECIFIED","93.1",""
"SURVEY","2006","YEAR","","STATE","TEXAS","48","","","","","","","00000000","","CORN","CORN, GRAIN, IRRIGATED - YIELD, MEASURED IN BU / ACRE","TOTAL","NOT SPECIFIED","179",""
"SURVEY","2006","YEAR","","STATE","TEXAS","48","","","","","","","00000000","","CORN","CORN, GRAIN, NON-IRRIGATED - YIELD, MEASURED IN BU / ACRE","TOTAL","NOT SPECIFIED","72",""
"SURVEY","2005","YEAR","","STATE","MONTANA","30","","","","","","","00000000","","CORN","CORN, GRAIN, IRRIGATED - YIELD, MEASURED IN BU / ACRE","TOTAL","NOT SPECIFIED","148",""
"SURVEY","2005","YEAR","","STATE","NORTH DAKOTA","38","","","","","","","00000000","","CORN","CORN, GRAIN, IRRIGATED - YIELD, MEASURED IN BU / ACRE","TOTAL","NOT SPECIFIED","156.5",""
"SURVEY","2005","YEAR","","STATE","NORTH DAKOTA","38","","","","","","","00000000","","CORN","CORN, GRAIN, NON-IRRIGATED - YIELD, MEASURED IN BU / ACRE","TOTAL","NOT SPECIFIED","127.5",""
"SURVEY","2005","YEAR","","STATE","OKLAHOMA","40","","","","","","","00000000","","CORN","CORN, GRAIN, IRRIGATED - YIELD, MEASURED IN BU / ACRE","TOTAL","NOT SPECIFIED","161.3",""
"SURVEY","2005","YEAR","","STATE","OKLAHOMA","40","","","","","","","00000000","","CORN","CORN, GRAIN, NON-IRRIGATED - YIELD, MEASURED IN BU / ACRE","TOTAL","NOT SPECIFIED","75.6",""
"SURVEY","2005","YEAR","","STATE","SOUTH DAKOTA","46","","","","","","","00000000","","CORN","CORN, GRAIN, IRRIGATED - YIELD, MEASURED IN BU / ACRE","TOTAL","NOT SPECIFIED","170",""
"SURVEY","2005","YEAR","","STATE","SOUTH DAKOTA","46","","","","","","","00000000","","CORN","CORN, GRAIN, NON-IRRIGATED - YIELD, MEASURED IN BU / ACRE","TOTAL","NOT SPECIFIED","116.8",""
"SURVEY","2005","YEAR","","STATE","TEXAS","48","","","","","","","00000000","","CORN","CORN, GRAIN, IRRIGATED - YIELD, MEASURED IN BU / ACRE","TOTAL","NOT SPECIFIED","179",""
"SURVEY","2005","YEAR","","STATE","TEXAS","48","","","","","","","00000000","","CORN","CORN, GRAIN, NON-IRRIGATED - YIELD, MEASURED IN BU / ACRE","TOTAL","NOT SPECIFIED","70.6",""
"SURVEY","2004","YEAR","","STATE","MONTANA","30","","","","","","","00000000","","CORN","CORN, GRAIN, IRRIGATED - YIELD, MEASURED IN BU / ACRE","TOTAL","NOT SPECIFIED","143",""
"SURVEY","2004","YEAR","","STATE","NORTH DAKOTA","38","","","","","","","00000000","","CORN","CORN, GRAIN, IRRIGATED - YIELD, MEASURED IN BU / ACRE","TOTAL","NOT SPECIFIED","118.8",""
"SURVEY","2004","YEAR","","STATE","NORTH DAKOTA","38","","","","","","","00000000","","CORN","CORN, GRAIN, NON-IRRIGATED - YIELD, MEASURED IN BU / ACRE","TOTAL","NOT SPECIFIED","104.1",""
"SURVEY","2004","YEAR","","STATE","OKLAHOMA","40","","","","","","","00000000","","CORN","CORN, GRAIN, IRRIGATED - YIELD, MEASURED IN BU / ACRE","TOTAL","NOT SPECIFIED","195",""
"SURVEY","2004","YEAR","","STATE","OKLAHOMA","40","","","","","","","00000000","","CORN","CORN, GRAIN, NON-IRRIGATED - YIELD, MEASURED IN BU / ACRE","TOTAL","NOT SPECIFIED","95",""
"SURVEY","2004","YEAR","","STATE","SOUTH DAKOTA","46","","","","","","","00000000","","CORN","CORN, GRAIN, IRRIGATED - YIELD, MEASURED IN BU / ACRE","TOTAL","NOT SPECIFIED","169.9",""
"SURVEY","2004","YEAR","","STATE","SOUTH DAKOTA","46","","","","","","","00000000","","CORN","CORN, GRAIN, NON-IRRIGATED - YIELD, MEASURED IN BU / ACRE","TOTAL","NOT SPECIFIED","128.4",""
"SURVEY","2004","YEAR","","STATE","TEXAS","48","","","","","","","00000000","","CORN","CORN, GRAIN, IRRIGATED - YIELD, MEASURED IN BU / ACRE","TOTAL","NOT SPECIFIED","193",""
"SURVEY","2004","YEAR","","STATE","TEXAS","48","","","","","","","00000000","","CORN","CORN, GRAIN, NON-IRRIGATED - YIELD, MEASURED IN BU / ACRE","TOTAL","NOT SPECIFIED","92.5",""
"SURVEY","2003","YEAR","","STATE","MONTANA","30","","","","","","","00000000","","CORN","CORN, GRAIN, IRRIGATED - YIELD, MEASURED IN BU / ACRE","TOTAL","NOT SPECIFIED","140",""
"SURVEY","2003","YEAR","","STATE","NORTH DAKOTA","38","","","","","","","00000000","","CORN","CORN, GRAIN, IRRIGATED - YIELD, MEASURED IN BU / ACRE","TOTAL","NOT SPECIFIED","140.9",""
"SURVEY","2003","YEAR","","STATE","NORTH DAKOTA","38","","","","","","","00000000","","CORN","CORN, GRAIN, NON-IRRIGATED - YIELD, MEASURED IN BU / ACRE","TOTAL","NOT SPECIFIED","110.1",""
"SURVEY","2003","YEAR","","STATE","OKLAHOMA","40","","","","","","","00000000","","CORN","CORN, GRAIN, IRRIGATED - YIELD, MEASURED IN BU / ACRE","TOTAL","NOT SPECIFIED","150.5",""
"SURVEY","2003","YEAR","","STATE","OKLAHOMA","40","","","","","","","00000000","","CORN","CORN, GRAIN, NON-IRRIGATED - YIELD, MEASURED IN BU / ACRE","TOTAL","NOT SPECIFIED","93.5",""
"SURVEY","2003","YEAR","","STATE","SOUTH DAKOTA","46","","","","","","","00000000","","CORN","CORN, GRAIN, IRRIGATED - YIELD, MEASURED IN BU / ACRE","TOTAL","NOT SPECIFIED","174.2",""
"SURVEY","2003","YEAR","","STATE","SOUTH DAKOTA","46","","","","","","","00000000","","CORN","CORN, GRAIN, NON-IRRIGATED - YIELD, MEASURED IN BU / ACRE","TOTAL","NOT SPECIFIED","108.4",""
"SURVEY","2003","YEAR","","STATE","TEXAS","48","","","","","","","00000000","","CORN","CORN, GRAIN, IRRIGATED - YIELD, MEASURED IN BU / ACRE","TOTAL","NOT SPECIFIED","180.7",""
"SURVEY","2003","YEAR","","STATE","TEXAS","48","","","","","","","00000000","","CORN","CORN, GRAIN, NON-IRRIGATED - YIELD, MEASURED IN BU / ACRE","TOTAL","NOT SPECIFIED","73.3",""
"SURVEY","2002","YEAR","","STATE","MONTANA","30","","","","","","","00000000","","CORN","CORN, GRAIN, IRRIGATED - YIELD, MEASURED IN BU / ACRE","TOTAL","NOT SPECIFIED","140",""
"SURVEY","2002","YEAR","","STATE","NORTH DAKOTA","38","","","","","","","00000000","","CORN","CORN, GRAIN, IRRIGATED - YIELD, MEASURED IN BU / ACRE","TOTAL","NOT SPECIFIED","142.8",""
"SURVEY","2002","YEAR","","STATE","NORTH DAKOTA","38","","","","","","","00000000","","CORN","CORN, GRAIN, NON-IRRIGATED - YIELD, MEASURED IN BU / ACRE","TOTAL","NOT SPECIFIED","112",""
"SURVEY","2002","YEAR","","STATE","OKLAHOMA","40","","","","","","","00000000","","CORN","CORN, GRAIN, IRRIGATED - YIELD, MEASURED IN BU / ACRE","TOTAL","NOT SPECIFIED","166.7",""
"SURVEY","2002","YEAR","","STATE","OKLAHOMA","40","","","","","","","00000000","","CORN","CORN, GRAIN, NON-IRRIGATED - YIELD, MEASURED IN BU / ACRE","TOTAL","NOT SPECIFIED","84.7",""
"SURVEY","2002","YEAR","","STATE","SOUTH DAKOTA","46","","","","","","","00000000","","CORN","CORN, GRAIN, IRRIGATED - YIELD, MEASURED IN BU / ACRE","TOTAL","NOT SPECIFIED","141",""
"SURVEY","2002","YEAR","","STATE","SOUTH DAKOTA","46","","","","","","","00000000","","CORN","CORN, GRAIN, NON-IRRIGATED - YIELD, MEASURED IN BU / ACRE","TOTAL","NOT SPECIFIED","92.9",""
"SURVEY","2002","YEAR","","STATE","TEXAS","48","","","","","","","00000000","","CORN","CORN, GRAIN, IRRIGATED - YIELD, MEASURED IN BU / ACRE","TOTAL","NOT SPECIFIED","187.4",""
"SURVEY","2002","YEAR","","STATE","TEXAS","48","","","","","","","00000000","","CORN","CORN, GRAIN, NON-IRRIGATED - YIELD, MEASURED IN BU / ACRE","TOTAL","NOT SPECIFIED","64.8",""
"SURVEY","2001","YEAR","","STATE","MONTANA","30","","","","","","","00000000","","CORN","CORN, GRAIN, IRRIGATED - YIELD, MEASURED IN BU / ACRE","TOTAL","NOT SPECIFIED","148",""
"SURVEY","2001","YEAR","","STATE","NORTH DAKOTA","38","","","","","","","00000000","","CORN","CORN, GRAIN, IRRIGATED - YIELD, MEASURED IN BU / ACRE","TOTAL","NOT SPECIFIED","149.6",""
"SURVEY","2001","YEAR","","STATE","NORTH DAKOTA","38","","","","","","","00000000","","CORN","CORN, GRAIN, NON-IRRIGATED - YIELD, MEASURED IN BU / ACRE","TOTAL","NOT SPECIFIED","111.6",""
"SURVEY","2001","YEAR","","STATE","OKLAHOMA","40","","","","","","","00000000","","CORN","CORN, GRAIN, IRRIGATED - YIELD, MEASURED IN BU / ACRE","TOTAL","NOT SPECIFIED","162",""
"SURVEY","2001","YEAR","","STATE","OKLAHOMA","40","","","","","","","00000000","","CORN","CORN, GRAIN, NON-IRRIGATED - YIELD, MEASURED IN BU / ACRE","TOTAL","NOT SPECIFIED","70.6",""
"SURVEY","2001","YEAR","","STATE","SOUTH DAKOTA","46","","","","","","","00000000","","CORN","CORN, GRAIN, IRRIGATED - YIELD, MEASURED IN BU / ACRE","TOTAL","NOT SPECIFIED","157.8",""
"SURVEY","2001","YEAR","","STATE","SOUTH DAKOTA","46","","","","","","","00000000","","CORN","CORN, GRAIN, NON-IRRIGATED - YIELD, MEASURED IN BU / ACRE","TOTAL","NOT SPECIFIED","107.1",""
"SURVEY","2001","YEAR","","STATE","TEXAS","48","","","","","","","00000000","","CORN","CORN, GRAIN, IRRIGATED - YIELD, MEASURED IN BU / ACRE","TOTAL","NOT SPECIFIED","166.5",""
"SURVEY","2001","YEAR","","STATE","TEXAS","48","","","","","","","00000000","","CORN","CORN, GRAIN, NON-IRRIGATED - YIELD, MEASURED IN BU / ACRE","TOTAL","NOT SPECIFIED","77.2",""
"SURVEY","2000","YEAR","","STATE","MONTANA","30","","","","","","","00000000","","CORN","CORN, GRAIN, IRRIGATED - YIELD, MEASURED IN BU / ACRE","TOTAL","NOT SPECIFIED","140",""
"SURVEY","2000","YEAR","","STATE","NORTH DAKOTA","38","","","","","","","00000000","","CORN","CORN, GRAIN, IRRIGATED - YIELD, MEASURED IN BU / ACRE","TOTAL","NOT SPECIFIED","143.7",""
"SURVEY","2000","YEAR","","STATE","NORTH DAKOTA","38","","","","","","","00000000","","CORN","CORN, GRAIN, NON-IRRIGATED - YIELD, MEASURED IN BU / ACRE","TOTAL","NOT SPECIFIED","109.5",""
"SURVEY","2000","YEAR","","STATE","OKLAHOMA","40","","","","","","","00000000","","CORN","CORN, GRAIN, IRRIGATED - YIELD, MEASURED IN BU / ACRE","TOTAL","NOT SPECIFIED","163.6",""
"SURVEY","2000","YEAR","","STATE","OKLAHOMA","40","","","","","","","00000000","","CORN","CORN, GRAIN, NON-IRRIGATED - YIELD, MEASURED IN BU / ACRE","TOTAL","NOT SPECIFIED","99.3",""
"SURVEY","2000","YEAR","","STATE","SOUTH DAKOTA","46","","","","","","","00000000","","CORN","CORN, GRAIN, IRRIGATED - YIELD, MEASURED IN BU / ACRE","TOTAL","NOT SPECIFIED","155",""
"SURVEY","2000","YEAR","","STATE","SOUTH DAKOTA","46","","","","","","","00000000","","CORN","CORN, GRAIN, NON-IRRIGATED - YIELD, MEASURED IN BU / ACRE","TOTAL","NOT SPECIFIED","110.2",""
"SURVEY","2000","YEAR","","STATE","TEXAS","48","","","","","","","00000000","","CORN","CORN, GRAIN, IRRIGATED - YIELD, MEASURED IN BU / ACRE","TOTAL","NOT SPECIFIED","165.6",""
"SURVEY","2000","YEAR","","STATE","TEXAS","48","","","","","","","00000000","","CORN","CORN, GRAIN, NON-IRRIGATED - YIELD, MEASURED IN BU / ACRE","TOTAL","NOT SPECIFIED","86.3",""
"SURVEY","1999","YEAR","","STATE","MONTANA","30","","","","","","","00000000","","CORN","CORN, GRAIN, IRRIGATED - YIELD, MEASURED IN BU / ACRE","TOTAL","NOT SPECIFIED","110",""
"SURVEY","1999","YEAR","","STATE","NORTH DAKOTA","38","","","","","","","00000000","","CORN","CORN, GRAIN, IRRIGATED - YIELD, MEASURED IN BU / ACRE","TOTAL","NOT SPECIFIED","146.1",""
"SURVEY","1999","YEAR","","STATE","NORTH DAKOTA","38","","","","","","","00000000","","CORN","CORN, GRAIN, NON-IRRIGATED - YIELD, MEASURED IN BU / ACRE","TOTAL","NOT SPECIFIED","114.2",""
"SURVEY","1999","YEAR","","STATE","OKLAHOMA","40","","","","","","","00000000","","CORN","CORN, GRAIN, IRRIGATED - YIELD, MEASURED IN BU / ACRE","TOTAL","NOT SPECIFIED","186.3",""
"SURVEY","1999","YEAR","","STATE","OKLAHOMA","40","","","","","","","00000000","","CORN","CORN, GRAIN, NON-IRRIGATED - YIELD, MEASURED IN BU / ACRE","TOTAL","NOT SPECIFIED","76.2",""
"SURVEY","1999","YEAR","","STATE","SOUTH DAKOTA","46","","","","","","","00000000","","CORN","CORN, GRAIN, IRRIGATED - YIELD, MEASURED IN BU / ACRE","TOTAL","NOT SPECIFIED","150",""
"SURVEY","1999","YEAR","","STATE","SOUTH DAKOTA","46","","","","","","","00000000","","CORN","CORN, GRAIN, NON-IRRIGATED - YIELD, MEASURED IN BU / ACRE","TOTAL","NOT SPECIFIED","111.3",""
"SURVEY","1999","YEAR","","STATE","TEXAS","48","","","","","","","00000000","","CORN","CORN, GRAIN, IRRIGATED - YIELD, MEASURED IN BU / ACRE","TOTAL","NOT SPECIFIED","171.3",""
"SURVEY","1999","YEAR","","STATE","TEXAS","48","","","","","","","00000000","","CORN","CORN, GRAIN, NON-IRRIGATED - YIELD, MEASURED IN BU / ACRE","TOTAL","NOT SPECIFIED","85.2",""
"SURVEY","1998","YEAR","","STATE","MONTANA","30","","","","","","","00000000","","CORN","CORN, GRAIN, IRRIGATED - YIELD, MEASURED IN BU / ACRE","TOTAL","NOT SPECIFIED","115",""
"SURVEY","1998","YEAR","","STATE","NORTH DAKOTA","38","","","","","","","00000000","","CORN","CORN, GRAIN, IRRIGATED - YIELD, MEASURED IN BU / ACRE","TOTAL","NOT SPECIFIED","134.5",""
"SURVEY","1998","YEAR","","STATE","NORTH DAKOTA","38","","","","","","","00000000","","CORN","CORN, GRAIN, NON-IRRIGATED - YIELD, MEASURED IN BU / ACRE","TOTAL","NOT SPECIFIED","104.6",""
"SURVEY","1998","YEAR","","STATE","OKLAHOMA","40","","","","","","","00000000","","CORN","CORN, GRAIN, IRRIGATED - YIELD, MEASURED IN BU / ACRE","TOTAL","NOT SPECIFIED","158.1",""
"SURVEY","1998","YEAR","","STATE","OKLAHOMA","40","","","","","","","00000000","","CORN","CORN, GRAIN, NON-IRRIGATED - YIELD, MEASURED IN BU / ACRE","TOTAL","NOT SPECIFIED","55",""
"SURVEY","1998","YEAR","","STATE","SOUTH DAKOTA","46","","","","","","","00000000","","CORN","CORN, GRAIN, IRRIGATED - YIELD, MEASURED IN BU / ACRE","TOTAL","NOT SPECIFIED","150",""
"SURVEY","1998","YEAR","","STATE","SOUTH DAKOTA","46","","","","","","","00000000","","CORN","CORN, GRAIN, NON-IRRIGATED - YIELD, MEASURED IN BU / ACRE","TOTAL","NOT SPECIFIED","119.7",""
"SURVEY","1998","YEAR","","STATE","TEXAS","48","","","","","","","00000000","","CORN","CORN, GRAIN, IRRIGATED - YIELD, MEASURED IN BU / ACRE","TOTAL","NOT SPECIFIED","157",""
"SURVEY","1998","YEAR","","STATE","TEXAS","48","","","","","","","00000000","","CORN","CORN, GRAIN, NON-IRRIGATED - YIELD, MEASURED IN BU / ACRE","TOTAL","NOT SPECIFIED","32.9",""
"SURVEY","1997","YEAR","","STATE","MONTANA","30","","","","","","","00000000","","CORN","CORN, GRAIN, IRRIGATED - YIELD, MEASURED IN BU / ACRE","TOTAL","NOT SPECIFIED","135",""
"SURVEY","1997","YEAR","","STATE","NORTH DAKOTA","38","","","","","","","00000000","","CORN","CORN, GRAIN, IRRIGATED - YIELD, MEASURED IN BU / ACRE","TOTAL","NOT SPECIFIED","121.7",""
"SURVEY","1997","YEAR","","STATE","NORTH DAKOTA","38","","","","","","","00000000","","CORN","CORN, GRAIN, NON-IRRIGATED - YIELD, MEASURED IN BU / ACRE","TOTAL","NOT SPECIFIED","96.4",""
"SURVEY","1997","YEAR","","STATE","OKLAHOMA","40","","","","","","","00000000","","CORN","CORN, GRAIN, IRRIGATED - YIELD, MEASURED IN BU / ACRE","TOTAL","NOT SPECIFIED","163.4",""
"SURVEY","1997","YEAR","","STATE","OKLAHOMA","40","","","","","","","00000000","","CORN","CORN, GRAIN, NON-IRRIGATED - YIELD, MEASURED IN BU / ACRE","TOTAL","NOT SPECIFIED","89",""
"SURVEY","1997","YEAR","","STATE","SOUTH DAKOTA","46","","","","","","","00000000","","CORN","CORN, GRAIN, IRRIGATED - YIELD, MEASURED IN BU / ACRE","TOTAL","NOT SPECIFIED","133",""
"SURVEY","1997","YEAR","","STATE","SOUTH DAKOTA","46","","","","","","","00000000","","CORN","CORN, GRAIN, NON-IRRIGATED - YIELD, MEASURED IN BU / ACRE","TOTAL","NOT SPECIFIED","94.1",""
"SURVEY","1997","YEAR","","STATE","TEXAS","48","","","","","","","00000000","","CORN","CORN, GRAIN, IRRIGATED - YIELD, MEASURED IN BU / ACRE","TOTAL","NOT SPECIFIED","182.3",""
"SURVEY","1997","YEAR","","STATE","TEXAS","48","","","","","","","00000000","","CORN","CORN, GRAIN, NON-IRRIGATED - YIELD, MEASURED IN BU / ACRE","TOTAL","NOT SPECIFIED","87.8",""
"SURVEY","1996","YEAR","","STATE","MONTANA","30","","","","","","","00000000","","CORN","CORN, GRAIN, IRRIGATED - YIELD, MEASURED IN BU / ACRE","TOTAL","NOT SPECIFIED","137",""
"SURVEY","1996","YEAR","","STATE","NORTH DAKOTA","38","","","","","","","00000000","","CORN","CORN, GRAIN, IRRIGATED - YIELD, MEASURED IN BU / ACRE","TOTAL","NOT SPECIFIED","120.2",""
"SURVEY","1996","YEAR","","STATE","NORTH DAKOTA","38","","","","","","","00000000","","CORN","CORN, GRAIN, NON-IRRIGATED - YIELD, MEASURED IN BU / ACRE","TOTAL","NOT SPECIFIED","87.4",""
"SURVEY","1996","YEAR","","STATE","OKLAHOMA","40","","","","","","","00000000","","CORN","CORN, GRAIN, IRRIGATED - YIELD, MEASURED IN BU / ACRE","TOTAL","NOT SPECIFIED","171",""
"SURVEY","1996","YEAR","","STATE","OKLAHOMA","40","","","","","","","00000000","","CORN","CORN, GRAIN, NON-IRRIGATED - YIELD, MEASURED IN BU / ACRE","TOTAL","NOT SPECIFIED","82.5",""
"SURVEY","1996","YEAR","","STATE","SOUTH DAKOTA","46","","","","","","","00000000","","CORN","CORN, GRAIN, IRRIGATED - YIELD, MEASURED IN BU / ACRE","TOTAL","NOT SPECIFIED","140",""
"SURVEY","1996","YEAR","","STATE","SOUTH DAKOTA","46","","","","","","","00000000","","CORN","CORN, GRAIN, NON-IRRIGATED - YIELD, MEASURED IN BU / ACRE","TOTAL","NOT SPECIFIED","98",""
"SURVEY","1996","YEAR","","STATE","TEXAS","48","","","","","","","00000000","","CORN","CORN, GRAIN, IRRIGATED - YIELD, MEASURED IN BU / ACRE","TOTAL","NOT SPECIFIED","172.3",""
"SURVEY","1996","YEAR","","STATE","TEXAS","48","","","","","","","00000000","","CORN","CORN, GRAIN, NON-IRRIGATED - YIELD, MEASURED IN BU / ACRE","TOTAL","NOT SPECIFIED","40.5",""
"SURVEY","1995","YEAR","","STATE","MONTANA","30","","","","","","","00000000","","CORN","CORN, GRAIN, IRRIGATED - YIELD, MEASURED IN BU / ACRE","TOTAL","NOT SPECIFIED","120",""
"SURVEY","1995","YEAR","","STATE","NORTH DAKOTA","38","","","","","","","00000000","","CORN","CORN, GRAIN, IRRIGATED - YIELD, MEASURED IN BU / ACRE","TOTAL","NOT SPECIFIED","101.4",""
"SURVEY","1995","YEAR","","STATE","NORTH DAKOTA","38","","","","","","","00000000","","CORN","CORN, GRAIN, NON-IRRIGATED - YIELD, MEASURED IN BU / ACRE","TOTAL","NOT SPECIFIED","76.2",""
"SURVEY","1995","YEAR","","STATE","OKLAHOMA","40","","","","","","","00000000","","CORN","CORN, GRAIN, IRRIGATED - YIELD, MEASURED IN BU / ACRE","TOTAL","NOT SPECIFIED","153.6",""
"SURVEY","1995","YEAR","","STATE","OKLAHOMA","40","","","","","","","00000000","","CORN","CORN, GRAIN, NON-IRRIGATED - YIELD, MEASURED IN BU / ACRE","TOTAL","NOT SPECIFIED","72.8",""
"SURVEY","1995","YEAR","","STATE","SOUTH DAKOTA","46","","","","","","","00000000","","CORN","CORN, GRAIN, IRRIGATED - YIELD, MEASURED IN BU / ACRE","TOTAL","NOT SPECIFIED","118",""
"SURVEY","1995","YEAR","","STATE","SOUTH DAKOTA","46","","","","","","","00000000","","CORN","CORN, GRAIN, NON-IRRIGATED - YIELD, MEASURED IN BU / ACRE","TOTAL","NOT SPECIFIED","76.5",""
"SURVEY","1995","YEAR","","STATE","TEXAS","48","","","","","","","00000000","","CORN","CORN, GRAIN, IRRIGATED - YIELD, MEASURED IN BU / ACRE","TOTAL","NOT SPECIFIED","148.5",""
"SURVEY","1995","YEAR","","STATE","TEXAS","48","","","","","","","00000000","","CORN","CORN, GRAIN, NON-IRRIGATED - YIELD, MEASURED IN BU / ACRE","TOTAL","NOT SPECIFIED","81.6",""
"SURVEY","1994","YEAR","","STATE","MONTANA","30","","","","","","","00000000","","CORN","CORN, GRAIN, IRRIGATED - YIELD, MEASURED IN BU / ACRE","TOTAL","NOT SPECIFIED","135",""
"SURVEY","1994","YEAR","","STATE","NORTH DAKOTA","38","","","","","","","00000000","","CORN","CORN, GRAIN, IRRIGATED - YIELD, MEASURED IN BU / ACRE","TOTAL","NOT SPECIFIED","122.5",""
"SURVEY","1994","YEAR","","STATE","NORTH DAKOTA","38","","","","","","","00000000","","CORN","CORN, GRAIN, NON-IRRIGATED - YIELD, MEASURED IN BU / ACRE","TOTAL","NOT SPECIFIED","97.1",""
"SURVEY","1994","YEAR","","STATE","OKLAHOMA","40","","","","","","","00000000","","CORN","CORN, GRAIN, IRRIGATED - YIELD, MEASURED IN BU / ACRE","TOTAL","NOT SPECIFIED","135",""
"SURVEY","1994","YEAR","","STATE","OKLAHOMA","40","","","","","","","00000000","","CORN","CORN, GRAIN, NON-IRRIGATED - YIELD, MEASURED IN BU / ACRE","TOTAL","NOT SPECIFIED","71.7",""
"SURVEY","1994","YEAR","","STATE","SOUTH DAKOTA","46","","","","","","","00000000","","CORN","CORN, GRAIN, IRRIGATED - YIELD, MEASURED IN BU / ACRE","TOTAL","NOT SPECIFIED","140",""
"SURVEY","1994","YEAR","","STATE","SOUTH DAKOTA","46","","","","","","","00000000","","CORN","CORN, GRAIN, NON-IRRIGATED - YIELD, MEASURED IN BU / ACRE","TOTAL","NOT SPECIFIED","106.2",""
"SURVEY","1994","YEAR","","STATE","TEXAS","48","","","","","","","00000000","","CORN","CORN, GRAIN, IRRIGATED - YIELD, MEASURED IN BU / ACRE","TOTAL","NOT SPECIFIED","150.3",""
"SURVEY","1994","YEAR","","STATE","TEXAS","48","","","","","","","00000000","","CORN","CORN, GRAIN, NON-IRRIGATED - YIELD, MEASURED IN BU / ACRE","TOTAL","NOT SPECIFIED","83",""
"SURVEY","1993","YEAR","","STATE","MONTANA","30","","","","","","","00000000","","CORN","CORN, GRAIN, IRRIGATED - YIELD, MEASURED IN BU / ACRE","TOTAL","NOT SPECIFIED","105",""
"SURVEY","1993","YEAR","","STATE","NORTH DAKOTA","38","","","","","","","00000000","","CORN","CORN, GRAIN, IRRIGATED - YIELD, MEASURED IN BU / ACRE","TOTAL","NOT SPECIFIED","56.3",""
"SURVEY","1993","YEAR","","STATE","NORTH DAKOTA","38","","","","","","","00000000","","CORN","CORN, GRAIN, NON-IRRIGATED - YIELD, MEASURED IN BU / ACRE","TOTAL","NOT SPECIFIED","43.6",""
"SURVEY","1993","YEAR","","STATE","OKLAHOMA","40","","","","","","","00000000","","CORN","CORN, GRAIN, IRRIGATED - YIELD, MEASURED IN BU / ACRE","TOTAL","NOT SPECIFIED","141",""
"SURVEY","1993","YEAR","","STATE","OKLAHOMA","40","","","","","","","00000000","","CORN","CORN, GRAIN, NON-IRRIGATED - YIELD, MEASURED IN BU / ACRE","TOTAL","NOT SPECIFIED","54",""
"SURVEY","1993","YEAR","","STATE","SOUTH DAKOTA","46","","","","","","","00000000","","CORN","CORN, GRAIN, IRRIGATED - YIELD, MEASURED IN BU / ACRE","TOTAL","NOT SPECIFIED","102",""
"SURVEY","1993","YEAR","","STATE","SOUTH DAKOTA","46","","","","","","","00000000","","CORN","CORN, GRAIN, NON-IRRIGATED - YIELD, MEASURED IN BU / ACRE","TOTAL","NOT SPECIFIED","60.6",""
"SURVEY","1993","YEAR","","STATE","TEXAS","48","","","","","","","00000000","","CORN","CORN, GRAIN, IRRIGATED - YIELD, MEASURED IN BU / ACRE","TOTAL","NOT SPECIFIED","153.3",""
"SURVEY","1993","YEAR","","STATE","TEXAS","48","","","","","","","00000000","","CORN","CORN, GRAIN, NON-IRRIGATED - YIELD, MEASURED IN BU / ACRE","TOTAL","NOT SPECIFIED","76.3",""
"SURVEY","1992","YEAR","","STATE","MONTANA","30","","","","","","","00000000","","CORN","CORN, GRAIN, IRRIGATED - YIELD, MEASURED IN BU / ACRE","TOTAL","NOT SPECIFIED","110",""
"SURVEY","1992","YEAR","","STATE","NORTH DAKOTA","38","","","","","","","00000000","","CORN","CORN, GRAIN, IRRIGATED - YIELD, MEASURED IN BU / ACRE","TOTAL","NOT SPECIFIED","85.7",""
"SURVEY","1992","YEAR","","STATE","NORTH DAKOTA","38","","","","","","","00000000","","CORN","CORN, GRAIN, NON-IRRIGATED - YIELD, MEASURED IN BU / ACRE","TOTAL","NOT SPECIFIED","60.2",""
"SURVEY","1992","YEAR","","STATE","OKLAHOMA","40","","","","","","","00000000","","CORN","CORN, GRAIN, IRRIGATED - YIELD, MEASURED IN BU / ACRE","TOTAL","NOT SPECIFIED","171.4",""
"SURVEY","1992","YEAR","","STATE","OKLAHOMA","40","","","","","","","00000000","","CORN","CORN, GRAIN, NON-IRRIGATED - YIELD, MEASURED IN BU / ACRE","TOTAL","NOT SPECIFIED","95.8",""
"SURVEY","1992","YEAR","","STATE","SOUTH DAKOTA","46","","","","","","","00000000","","CORN","CORN, GRAIN, IRRIGATED - YIELD, MEASURED IN BU / ACRE","TOTAL","NOT SPECIFIED","110",""
"SURVEY","1992","YEAR","","STATE","SOUTH DAKOTA","46","","","","","","","00000000","","CORN","CORN, GRAIN, NON-IRRIGATED - YIELD, MEASURED IN BU / ACRE","TOTAL","NOT SPECIFIED","82.5",""
"SURVEY","1992","YEAR","","STATE","TEXAS","48","","","","","","","00000000","","CORN","CORN, GRAIN, IRRIGATED - YIELD, MEASURED IN BU / ACRE","TOTAL","NOT SPECIFIED","174.9",""
"SURVEY","1992","YEAR","","STATE","TEXAS","48","","","","","","","00000000","","CORN","CORN, GRAIN, NON-IRRIGATED - YIELD, MEASURED IN BU / ACRE","TOTAL","NOT SPECIFIED","75.7",""
"SURVEY","1991","YEAR","","STATE","MONTANA","30","","","","","","","00000000","","CORN","CORN, GRAIN, IRRIGATED - YIELD, MEASURED IN BU / ACRE","TOTAL","NOT SPECIFIED","120",""
"SURVEY","1991","YEAR","","STATE","NORTH DAKOTA","38","","","","","","","00000000","","CORN","CORN, GRAIN, IRRIGATED - YIELD, MEASURED IN BU / ACRE","TOTAL","NOT SPECIFIED","124",""
"SURVEY","1991","YEAR","","STATE","NORTH DAKOTA","38","","","","","","","00000000","","CORN","CORN, GRAIN, NON-IRRIGATED - YIELD, MEASURED IN BU / ACRE","TOTAL","NOT SPECIFIED","85.9",""
"SURVEY","1991","YEAR","","STATE","OKLAHOMA","40","","","","","","","00000000","","CORN","CORN, GRAIN, IRRIGATED - YIELD, MEASURED IN BU / ACRE","TOTAL","NOT SPECIFIED","139.4",""
"SURVEY","1991","YEAR","","STATE","OKLAHOMA","40","","","","","","","00000000","","CORN","CORN, GRAIN, NON-IRRIGATED - YIELD, MEASURED IN BU / ACRE","TOTAL","NOT SPECIFIED","75",""
"SURVEY","1991","YEAR","","STATE","SOUTH DAKOTA","46","","","","","","","00000000","","CORN","CORN, GRAIN, IRRIGATED - YIELD, MEASURED IN BU / ACRE","TOTAL","NOT SPECIFIED","126",""
"SURVEY","1991","YEAR","","STATE","SOUTH DAKOTA","46","","","","","","","00000000","","CORN","CORN, GRAIN, NON-IRRIGATED - YIELD, MEASURED IN BU / ACRE","TOTAL","NOT SPECIFIED","70.8",""
"SURVEY","1991","YEAR","","STATE","TEXAS","48","","","","","","","00000000","","CORN","CORN, GRAIN, IRRIGATED - YIELD, MEASURED IN BU / ACRE","TOTAL","NOT SPECIFIED","145.3",""
"SURVEY","1991","YEAR","","STATE","TEXAS","48","","","","","","","00000000","","CORN","CORN, GRAIN, NON-IRRIGATED - YIELD, MEASURED IN BU / ACRE","TOTAL","NOT SPECIFIED","73.8",""
"SURVEY","1990","YEAR","","STATE","MONTANA","30","","","","","","","00000000","","CORN","CORN, GRAIN, IRRIGATED - YIELD, MEASURED IN BU / ACRE","TOTAL","NOT SPECIFIED","95",""
"SURVEY","1990","YEAR","","STATE","NORTH DAKOTA","38","","","","","","","00000000","","CORN","CORN, GRAIN, IRRIGATED - YIELD, MEASURED IN BU / ACRE","TOTAL","NOT SPECIFIED","124",""
"SURVEY","1990","YEAR","","STATE","NORTH DAKOTA","38","","","","","","","00000000","","CORN","CORN, GRAIN, NON-IRRIGATED - YIELD, MEASURED IN BU / ACRE","TOTAL","NOT SPECIFIED","73.5",""
"SURVEY","1990","YEAR","","STATE","OKLAHOMA","40","","","","","","","00000000","","CORN","CORN, GRAIN, IRRIGATED - YIELD, MEASURED IN BU / ACRE","TOTAL","NOT SPECIFIED","140",""
"SURVEY","1990","YEAR","","STATE","OKLAHOMA","40","","","","","","","00000000","","CORN","CORN, GRAIN, NON-IRRIGATED - YIELD, MEASURED IN BU / ACRE","TOTAL","NOT SPECIFIED","58.3",""
"SURVEY","1990","YEAR","","STATE","SOUTH DAKOTA","46","","","","","","","00000000","","CORN","CORN, GRAIN, IRRIGATED - YIELD, MEASURED IN BU / ACRE","TOTAL","NOT SPECIFIED","123.4",""
"SURVEY","1990","YEAR","","STATE","SOUTH DAKOTA","46","","","","","","","00000000","","CORN","CORN, GRAIN, NON-IRRIGATED - YIELD, MEASURED IN BU / ACRE","TOTAL","NOT SPECIFIED","75",""
"SURVEY","1990","YEAR","","STATE","TEXAS","48","","","","","","","00000000","","CORN","CORN, GRAIN, IRRIGATED - YIELD, MEASURED IN BU / ACRE","TOTAL","NOT SPECIFIED","141",""
"SURVEY","1990","YEAR","","STATE","TEXAS","48","","","","","","","00000000","","CORN","CORN, GRAIN, NON-IRRIGATED - YIELD, MEASURED IN BU / ACRE","TOTAL","NOT SPECIFIED","39.2",""
"SURVEY","1989","YEAR","","STATE","MONTANA","30","","","","","","","00000000","","CORN","CORN, GRAIN, IRRIGATED - YIELD, MEASURED IN BU / ACRE","TOTAL","NOT SPECIFIED","80",""
"SURVEY","1989","YEAR","","STATE","NORTH DAKOTA","38","","","","","","","00000000","","CORN","CORN, GRAIN, IRRIGATED - YIELD, MEASURED IN BU / ACRE","TOTAL","NOT SPECIFIED","112",""
"SURVEY","1989","YEAR","","STATE","NORTH DAKOTA","38","","","","","","","00000000","","CORN","CORN, GRAIN, NON-IRRIGATED - YIELD, MEASURED IN BU / ACRE","TOTAL","NOT SPECIFIED","69.7",""
"SURVEY","1989","YEAR","","STATE","OKLAHOMA","40","","","","","","","00000000","","CORN","CORN, GRAIN, IRRIGATED - YIELD, MEASURED IN BU / ACRE","TOTAL","NOT SPECIFIED","146.4",""
"SURVEY","1989","YEAR","","STATE","OKLAHOMA","40","","","","","","","00000000","","CORN","CORN, GRAIN, NON-IRRIGATED - YIELD, MEASURED IN BU / ACRE","TOTAL","NOT SPECIFIED","76.6",""
"SURVEY","1989","YEAR","","STATE","SOUTH DAKOTA","46","","","","","","","00000000","","CORN","CORN, GRAIN, IRRIGATED - YIELD, MEASURED IN BU / ACRE","TOTAL","NOT SPECIFIED","122",""
"SURVEY","1989","YEAR","","STATE","SOUTH DAKOTA","46","","","","","","","00000000","","CORN","CORN, GRAIN, NON-IRRIGATED - YIELD, MEASURED IN BU / ACRE","TOTAL","NOT SPECIFIED","67.7",""
"SURVEY","1989","YEAR","","STATE","TEXAS","48","","","","","","","00000000","","CORN","CORN, GRAIN, IRRIGATED - YIELD, MEASURED IN BU / ACRE","TOTAL","NOT SPECIFIED","137.7",""
"SURVEY","1989","YEAR","","STATE","TEXAS","48","","","","","","","00000000","","CORN","CORN, GRAIN, NON-IRRIGATED - YIELD, MEASURED IN BU / ACRE","TOTAL","NOT SPECIFIED","68.8",""
"SURVEY","1988","YEAR","","STATE","MONTANA","30","","","","","","","00000000","","CORN","CORN, GRAIN, IRRIGATED - YIELD, MEASURED IN BU / ACRE","TOTAL","NOT SPECIFIED","110",""
"SURVEY","1988","YEAR","","STATE","NORTH DAKOTA","38","","","","","","","00000000","","CORN","CORN, GRAIN, IRRIGATED - YIELD, MEASURED IN BU / ACRE","TOTAL","NOT SPECIFIED","110",""
"SURVEY","1988","YEAR","","STATE","NORTH DAKOTA","38","","","","","","","00000000","","CORN","CORN, GRAIN, NON-IRRIGATED - YIELD, MEASURED IN BU / ACRE","TOTAL","NOT SPECIFIED","49.6",""
"SURVEY","1988","YEAR","","STATE","OKLAHOMA","40","","","","","","","00000000","","CORN","CORN, GRAIN, IRRIGATED - YIELD, MEASURED IN BU / ACRE","TOTAL","NOT SPECIFIED","115",""
"SURVEY","1988","YEAR","","STATE","OKLAHOMA","40","","","","","","","00000000","","CORN","CORN, GRAIN, NON-IRRIGATED - YIELD, MEASURED IN BU / ACRE","TOTAL","NOT SPECIFIED","57.4",""
"SURVEY","1988","YEAR","","STATE","SOUTH DAKOTA","46","","","","","","","00000000","","CORN","CORN, GRAIN, IRRIGATED - YIELD, MEASURED IN BU / ACRE","TOTAL","NOT SPECIFIED","117.1",""
"SURVEY","1988","YEAR","","STATE","SOUTH DAKOTA","46","","","","","","","00000000","","CORN","CORN, GRAIN, NON-IRRIGATED - YIELD, MEASURED IN BU / ACRE","TOTAL","NOT SPECIFIED","49.7",""
"SURVEY","1988","YEAR","","STATE","TEXAS","48","","","","","","","00000000","","CORN","CORN, GRAIN, IRRIGATED - YIELD, MEASURED IN BU / ACRE","TOTAL","NOT SPECIFIED","137.8",""
"SURVEY","1988","YEAR","","STATE","TEXAS","48","","","","","","","00000000","","CORN","CORN, GRAIN, NON-IRRIGATED - YIELD, MEASURED IN BU / ACRE","TOTAL","NOT SPECIFIED","63",""
"SURVEY","1987","YEAR","","STATE","MONTANA","30","","","","","","","00000000","","CORN","CORN, GRAIN, IRRIGATED - YIELD, MEASURED IN BU / ACRE","TOTAL","NOT SPECIFIED","105",""
"SURVEY","1987","YEAR","","STATE","NORTH DAKOTA","38","","","","","","","00000000","","CORN","CORN, GRAIN, IRRIGATED - YIELD, MEASURED IN BU / ACRE","TOTAL","NOT SPECIFIED","127",""
"SURVEY","1987","YEAR","","STATE","NORTH DAKOTA","38","","","","","","","00000000","","CORN","CORN, GRAIN, NON-IRRIGATED - YIELD, MEASURED IN BU / ACRE","TOTAL","NOT SPECIFIED","88.8",""
"SURVEY","1987","YEAR","","STATE","OKLAHOMA","40","","","","","","","00000000","","CORN","CORN, GRAIN, IRRIGATED - YIELD, MEASURED IN BU / ACRE","TOTAL","NOT SPECIFIED","107",""
"SURVEY","1987","YEAR","","STATE","OKLAHOMA","40","","","","","","","00000000","","CORN","CORN, GRAIN, NON-IRRIGATED - YIELD, MEASURED IN BU / ACRE","TOTAL","NOT SPECIFIED","72.7",""
"SURVEY","1987","YEAR","","STATE","SOUTH DAKOTA","46","","","","","","","00000000","","CORN","CORN, GRAIN, IRRIGATED - YIELD, MEASURED IN BU / ACRE","TOTAL","NOT SPECIFIED","126.8",""
"SURVEY","1987","YEAR","","STATE","SOUTH DAKOTA","46","","","","","","","00000000","","CORN","CORN, GRAIN, NON-IRRIGATED - YIELD, MEASURED IN BU / ACRE","TOTAL","NOT SPECIFIED","79.6",""
"SURVEY","1987","YEAR","","STATE","TEXAS","48","","","","","","","00000000","","CORN","CORN, GRAIN, IRRIGATED - YIELD, MEASURED IN BU / ACRE","TOTAL","NOT SPECIFIED","146",""
"SURVEY","1987","YEAR","","STATE","TEXAS","48","","","","","","","00000000","","CORN","CORN, GRAIN, NON-IRRIGATED - YIELD, MEASURED IN BU / ACRE","TOTAL","NOT SPECIFIED","76.4",""
"SURVEY","1986","YEAR","","STATE","MONTANA","30","","","","","","","00000000","","CORN","CORN, GRAIN, IRRIGATED - YIELD, MEASURED IN BU / ACRE","TOTAL","NOT SPECIFIED","115",""
"SURVEY","1986","YEAR","","STATE","NORTH DAKOTA","38","","","","","","","00000000","","CORN","CORN, GRAIN, IRRIGATED - YIELD, MEASURED IN BU / ACRE","TOTAL","NOT SPECIFIED","123.5",""
"SURVEY","1986","YEAR","","STATE","NORTH DAKOTA","38","","","","","","","00000000","","CORN","CORN, GRAIN, NON-IRRIGATED - YIELD, MEASURED IN BU / ACRE","TOTAL","NOT SPECIFIED","89.3",""
"SURVEY","1986","YEAR","","STATE","OKLAHOMA","40","","","","","","","00000000","","CORN","CORN, GRAIN, IRRIGATED - YIELD, MEASURED IN BU / ACRE","TOTAL","NOT SPECIFIED","144.4",""
"SURVEY","1986","YEAR","","STATE","OKLAHOMA","40","","","","","","","00000000","","CORN","CORN, GRAIN, NON-IRRIGATED - YIELD, MEASURED IN BU / ACRE","TOTAL","NOT SPECIFIED","81.8",""
"SURVEY","1986","YEAR","","STATE","SOUTH DAKOTA","46","","","","","","","00000000","","CORN","CORN, GRAIN, IRRIGATED - YIELD, MEASURED IN BU / ACRE","TOTAL","NOT SPECIFIED","124.7",""
"SURVEY","1986","YEAR","","STATE","SOUTH DAKOTA","46","","","","","","","00000000","","CORN","CORN, GRAIN, NON-IRRIGATED - YIELD, MEASURED IN BU / ACRE","TOTAL","NOT SPECIFIED","79",""
"SURVEY","1986","YEAR","","STATE","TEXAS","48","","","","","","","00000000","","CORN","CORN, GRAIN, IRRIGATED - YIELD, MEASURED IN BU / ACRE","TOTAL","NOT SPECIFIED","148.1",""
"SURVEY","1986","YEAR","","STATE","TEXAS","48","","","","","","","00000000","","CORN","CORN, GRAIN, NON-IRRIGATED - YIELD, MEASURED IN BU / ACRE","TOTAL","NOT SPECIFIED","81",""
"SURVEY","1985","YEAR","","STATE","MONTANA","30","","","","","","","00000000","","CORN","CORN, GRAIN, IRRIGATED - YIELD, MEASURED IN BU / ACRE","TOTAL","NOT SPECIFIED","95",""
"SURVEY","1985","YEAR","","STATE","NORTH DAKOTA","38","","","","","","","00000000","","CORN","CORN, GRAIN, IRRIGATED - YIELD, MEASURED IN BU / ACRE","TOTAL","NOT SPECIFIED","99.4",""
"SURVEY","1985","YEAR","","STATE","NORTH DAKOTA","38","","","","","","","00000000","","CORN","CORN, GRAIN, NON-IRRIGATED - YIELD, MEASURED IN BU / ACRE","TOTAL","NOT SPECIFIED","68.5",""
"SURVEY","1985","YEAR","","STATE","OKLAHOMA","40","","","","","","","00000000","","CORN","CORN, GRAIN, IRRIGATED - YIELD, MEASURED IN BU / ACRE","TOTAL","NOT SPECIFIED","123.4",""
"SURVEY","1985","YEAR","","STATE","OKLAHOMA","40","","","","","","","00000000","","CORN","CORN, GRAIN, NON-IRRIGATED - YIELD, MEASURED IN BU / ACRE","TOTAL","NOT SPECIFIED","80.9",""
"SURVEY","1985","YEAR","","STATE","SOUTH DAKOTA","46","","","","","","","00000000","","CORN","CORN, GRAIN, IRRIGATED - YIELD, MEASURED IN BU / ACRE","TOTAL","NOT SPECIFIED","123.1",""
"SURVEY","1985","YEAR","","STATE","SOUTH DAKOTA","46","","","","","","","00000000","","CORN","CORN, GRAIN, NON-IRRIGATED - YIELD, MEASURED IN BU / ACRE","TOTAL","NOT SPECIFIED","81.2",""
"SURVEY","1985","YEAR","","STATE","TEXAS","48","","","","","","","00000000","","CORN","CORN, GRAIN, IRRIGATED - YIELD, MEASURED IN BU / ACRE","TOTAL","NOT SPECIFIED","138.7",""
"SURVEY","1985","YEAR","","STATE","TEXAS","48","","","","","","","00000000","","CORN","CORN, GRAIN, NON-IRRIGATED - YIELD, MEASURED IN BU / ACRE","TOTAL","NOT SPECIFIED","75.1",""
"SURVEY","1984","YEAR","","STATE","MONTANA","30","","","","","","","00000000","","CORN","CORN, GRAIN, IRRIGATED - YIELD, MEASURED IN BU / ACRE","TOTAL","NOT SPECIFIED","92",""
"SURVEY","1984","YEAR","","STATE","NORTH DAKOTA","38","","","","","","","00000000","","CORN","CORN, GRAIN, IRRIGATED - YIELD, MEASURED IN BU / ACRE","TOTAL","NOT SPECIFIED","110.1",""
"SURVEY","1984","YEAR","","STATE","NORTH DAKOTA","38","","","","","","","00000000","","CORN","CORN, GRAIN, NON-IRRIGATED - YIELD, MEASURED IN BU / ACRE","TOTAL","NOT SPECIFIED","60.9",""
"SURVEY","1984","YEAR","","STATE","SOUTH DAKOTA","46","","","","","","","00000000","","CORN","CORN, GRAIN, IRRIGATED - YIELD, MEASURED IN BU / ACRE","TOTAL","NOT SPECIFIED","121.1",""
"SURVEY","1984","YEAR","","STATE","SOUTH DAKOTA","46","","","","","","","00000000","","CORN","CORN, GRAIN, NON-IRRIGATED - YIELD, MEASURED IN BU / ACRE","TOTAL","NOT SPECIFIED","63",""
"SURVEY","1984","YEAR","","STATE","TEXAS","48","","","","","","","00000000","","CORN","CORN, GRAIN, IRRIGATED - YIELD, MEASURED IN BU / ACRE","TOTAL","NOT SPECIFIED","139.2",""
"SURVEY","1984","YEAR","","STATE","TEXAS","48","","","","","","","00000000","","CORN","CORN, GRAIN, NON-IRRIGATED - YIELD, MEASURED IN BU / ACRE","TOTAL","NOT SPECIFIED","51.6",""
"SURVEY","1983","YEAR","","STATE","MONTANA","30","","","","","","","00000000","","CORN","CORN, GRAIN, IRRIGATED - YIELD, MEASURED IN BU / ACRE","TOTAL","NOT SPECIFIED","105",""
"SURVEY","1983","YEAR","","STATE","NORTH DAKOTA","38","","","","","","","00000000","","CORN","CORN, GRAIN, IRRIGATED - YIELD, MEASURED IN BU / ACRE","TOTAL","NOT SPECIFIED","107.4",""
"SURVEY","1983","YEAR","","STATE","NORTH DAKOTA","38","","","","","","","00000000","","CORN","CORN, GRAIN, NON-IRRIGATED - YIELD, MEASURED IN BU / ACRE","TOTAL","NOT SPECIFIED","63",""
"SURVEY","1983","YEAR","","STATE","TEXAS","48","","","","","","","00000000","","CORN","CORN, GRAIN, IRRIGATED - YIELD, MEASURED IN BU / ACRE","TOTAL","NOT SPECIFIED","125.4",""
"SURVEY","1983","YEAR","","STATE","TEXAS","48","","","","","","","00000000","","CORN","CORN, GRAIN, NON-IRRIGATED - YIELD, MEASURED IN BU / ACRE","TOTAL","NOT SPECIFIED","66.7",""
"SURVEY","1982","YEAR","","STATE","MONTANA","30","","","","","","","00000000","","CORN","CORN, GRAIN, IRRIGATED - YIELD, MEASURED IN BU / ACRE","TOTAL","NOT SPECIFIED","100",""
"SURVEY","1982","YEAR","","STATE","NORTH DAKOTA","38","","","","","","","00000000","","CORN","CORN, GRAIN, IRRIGATED - YIELD, MEASURED IN BU / ACRE","TOTAL","NOT SPECIFIED","110.3",""
"SURVEY","1982","YEAR","","STATE","NORTH DAKOTA","38","","","","","","","00000000","","CORN","CORN, GRAIN, NON-IRRIGATED - YIELD, MEASURED IN BU / ACRE","TOTAL","NOT SPECIFIED","62.9",""
"SURVEY","1982","YEAR","","STATE","TEXAS","48","","","","","","","00000000","","CORN","CORN, GRAIN, IRRIGATED - YIELD, MEASURED IN BU / ACRE","TOTAL","NOT SPECIFIED","130.4",""
"SURVEY","1982","YEAR","","STATE","TEXAS","48","","","","","","","00000000","","CORN","CORN, GRAIN, NON-IRRIGATED - YIELD, MEASURED IN BU / ACRE","TOTAL","NOT SPECIFIED","68.2",""
"SURVEY","1981","YEAR","","STATE","MONTANA","30","","","","","","","00000000","","CORN","CORN, GRAIN, IRRIGATED - YIELD, MEASURED IN BU / ACRE","TOTAL","NOT SPECIFIED","85",""
"SURVEY","1981","YEAR","","STATE","TEXAS","48","","","","","","","00000000","","CORN","CORN, GRAIN, IRRIGATED - YIELD, MEASURED IN BU / ACRE","TOTAL","NOT SPECIFIED","138.3",""
"SURVEY","1981","YEAR","","STATE","TEXAS","48","","","","","","","00000000","","CORN","CORN, GRAIN, NON-IRRIGATED - YIELD, MEASURED IN BU / ACRE","TOTAL","NOT SPECIFIED","80.8",""
"SURVEY","1980","YEAR","","STATE","MONTANA","30","","","","","","","00000000","","CORN","CORN, GRAIN, IRRIGATED - YIELD, MEASURED IN BU / ACRE","TOTAL","NOT SPECIFIED","74",""
"SURVEY","1979","YEAR","","STATE","MONTANA","30","","","","","","","00000000","","CORN","CORN, GRAIN, IRRIGATED - YIELD, MEASURED IN BU / ACRE","TOTAL","NOT SPECIFIED","77",""
"SURVEY","1978","YEAR","","STATE","MONTANA","30","","","","","","","00000000","","CORN","CORN, GRAIN, IRRIGATED - YIELD, MEASURED IN BU / ACRE","TOTAL","NOT SPECIFIED","72",""
"SURVEY","1977","YEAR","","STATE","MONTANA","30","","","","","","","00000000","","CORN","CORN, GRAIN, IRRIGATED - YIELD, MEASURED IN BU / ACRE","TOTAL","NOT SPECIFIED","68",""
"SURVEY","1976","YEAR","","STATE","MONTANA","30","","","","","","","00000000","","CORN","CORN, GRAIN, IRRIGATED - YIELD, MEASURED IN BU / ACRE","TOTAL","NOT SPECIFIED","75",""
"SURVEY","1975","YEAR","","STATE","MONTANA","30","","","","","","","00000000","","CORN","CORN, GRAIN, IRRIGATED - YIELD, MEASURED IN BU / ACRE","TOTAL","NOT SPECIFIED","73",""
